start,end,activity,time_of_the_day,BedPressureBedroom_1,CabinetMagneticBathroom_2,BasinPIRBathroom_3,ToiletFlushBathroom_4,ShowerPIRBathroom_5,FridgeMagneticKitchen_6,CupboardMagneticKitchen_7,ToasterElectricKitchen_8,CooktopPIRKitchen_9,MicrowaveElectricKitchen_10,SeatPressureLiving_11,MaindoorMagneticEntrance_12,one_hot_0,one_hot_1,one_hot_2,one_hot_3,one_hot_4,one_hot_5,one_hot_6,one_hot_7,one_hot_8,one_hot_9,one_hot_10,one_hot_11,one_hot_12,one_hot_13,one_hot_14,one_hot_15,one_hot_16,one_hot_17,one_hot_18,one_hot_19,one_hot_20,one_hot_21,one_hot_22,one_hot_23,one_hot_24,unary_0,unary_1,unary_2,unary_3,unary_4,unary_5,unary_6
28-Nov-2011 10:18:00,28-Nov-2011 10:18:59,goToBed,0.42916666666666653,1,0,0,0,0,0,0,0,0,0,0,0,0,0,0,0,0,0,0,0,0,0,1,0,0,0,0,0,0,0,0,0,0,0,0,0,0,1,1,1,1,1,1,0
28-Nov-2011 10:20:00,28-Nov-2011 10:20:59,idle,0.4305555555555556,0,0,0,0,0,0,0,0,0,0,0,0,0,0,0,0,0,0,0,0,0,0,1,0,0,0,0,0,0,0,0,0,0,0,0,0,0,1,0,0,0,0,0,0
28-Nov-2011 10:21:00,28-Nov-2011 10:21:59,useToilet,0.43125,0,1,1,0,0,0,0,0,0,0,0,0,0,0,0,0,0,0,0,0,0,0,1,0,0,0,0,0,0,0,0,0,0,0,0,0,0,1,0,0,0,0,0,0
28-Nov-2011 10:22:00,28-Nov-2011 10:22:59,useToilet,0.4319444444444445,0,0,1,0,0,0,0,0,0,0,0,0,0,0,0,0,0,0,0,0,0,0,1,0,0,0,0,0,0,0,0,0,0,0,0,0,0,1,0,0,0,0,0,0
28-Nov-2011 10:23:00,28-Nov-2011 10:23:59,useToilet,0.4326388888888889,0,0,1,1,0,0,0,0,0,0,0,0,0,0,0,0,0,0,0,0,0,0,1,0,0,0,0,0,0,0,0,0,0,0,0,0,0,1,0,0,0,0,0,0
28-Nov-2011 10:24:00,28-Nov-2011 10:24:59,idle,0.43333333333333335,0,0,0,0,0,0,0,0,0,0,0,0,0,0,0,0,0,0,0,0,0,0,1,0,0,0,0,0,0,0,0,0,0,0,0,0,0,1,0,0,0,0,0,0
28-Nov-2011 10:32:00,28-Nov-2011 10:32:59,takeShower,0.4388888888888889,0,0,0,0,1,0,0,0,0,0,0,0,0,0,0,0,0,0,0,0,0,0,0,1,0,0,0,0,0,0,0,0,0,0,0,0,0,1,1,0,0,0,0,0
28-Nov-2011 10:33:00,28-Nov-2011 10:33:59,takeShower,0.4395833333333333,0,0,0,0,0,0,0,0,0,0,0,0,0,0,0,0,0,0,0,0,0,0,0,1,0,0,0,0,0,0,0,0,0,0,0,0,0,1,0,0,0,0,0,0
28-Nov-2011 10:34:00,28-Nov-2011 10:34:59,prepareBreakfast,0.44027777777777777,0,0,0,0,0,1,1,0,0,0,0,0,0,0,0,0,0,0,0,0,0,0,0,1,0,0,0,0,0,0,0,0,0,0,0,0,0,1,0,0,0,0,0,0
28-Nov-2011 10:37:00,28-Nov-2011 10:37:59,prepareBreakfast,0.4423611111111111,0,0,0,0,0,0,1,0,0,0,0,0,0,0,0,0,0,0,0,0,0,0,0,1,0,0,0,0,0,0,0,0,0,0,0,0,0,1,0,0,0,0,0,0
28-Nov-2011 10:38:00,28-Nov-2011 10:38:59,prepareBreakfast,0.4430555555555555,0,0,0,0,0,1,0,1,0,0,0,0,0,0,0,0,0,0,0,0,0,0,0,1,0,0,0,0,0,0,0,0,0,0,0,0,0,1,0,0,0,0,0,0
28-Nov-2011 10:40:00,28-Nov-2011 10:40:59,prepareBreakfast,0.4444444444444444,0,0,0,0,0,0,0,1,0,0,0,0,0,0,0,0,0,0,0,0,0,0,0,1,0,0,0,0,0,0,0,0,0,0,0,0,0,1,0,0,0,0,0,0
28-Nov-2011 10:41:00,28-Nov-2011 10:41:59,prepareBreakfast,0.4451388888888889,0,0,0,0,0,0,1,1,1,1,0,0,0,0,0,0,0,0,0,0,0,0,0,1,0,0,0,0,0,0,0,0,0,0,0,0,0,1,0,0,0,0,0,0
28-Nov-2011 10:42:00,28-Nov-2011 10:42:59,prepareBreakfast,0.44583333333333336,0,0,0,0,0,0,0,1,0,1,0,0,0,0,0,0,0,0,0,0,0,0,0,1,0,0,0,0,0,0,0,0,0,0,0,0,0,1,0,0,0,0,0,0
28-Nov-2011 10:48:00,28-Nov-2011 10:48:59,idle,0.45,0,0,0,0,0,0,0,0,0,0,0,0,0,0,0,0,0,0,0,0,0,0,0,1,0,0,0,0,0,0,0,0,0,0,0,0,0,1,1,0,0,0,0,0
28-Nov-2011 10:50:00,28-Nov-2011 10:50:59,grooming,0.4513888888888889,0,0,1,0,0,0,0,0,0,0,0,0,0,0,0,0,0,0,0,0,0,0,0,1,0,0,0,0,0,0,0,0,0,0,0,0,0,1,0,0,0,0,0,0
28-Nov-2011 10:51:00,28-Nov-2011 10:51:59,grooming,0.4520833333333333,0,0,1,0,0,0,0,0,0,0,1,0,0,0,0,0,0,0,0,0,0,0,0,1,0,0,0,0,0,0,0,0,0,0,0,0,0,1,0,0,0,0,0,0
28-Nov-2011 13:05:00,28-Nov-2011 13:05:59,watchTV,0.5451388888888888,0,0,0,0,0,0,0,0,0,0,1,0,0,0,0,0,0,0,0,0,0,0,0,0,0,1,0,0,0,0,0,0,0,0,0,0,0,1,1,1,1,1,0,0
28-Nov-2011 13:06:00,28-Nov-2011 13:06:59,useToilet,0.5458333333333333,0,0,1,1,0,0,0,0,0,0,0,0,0,0,0,0,0,0,0,0,0,0,0,0,0,1,0,0,0,0,0,0,0,0,0,0,0,1,0,0,0,0,0,0
28-Nov-2011 13:08:00,28-Nov-2011 13:08:59,idle,0.5472222222222223,0,0,0,0,0,0,0,0,0,0,0,0,0,0,0,0,0,0,0,0,0,0,0,0,0,1,0,0,0,0,0,0,0,0,0,0,0,1,0,0,0,0,0,0
28-Nov-2011 13:09:00,28-Nov-2011 13:09:59,leaveHouse,0.5479166666666667,0,0,0,0,0,0,0,0,0,0,0,1,0,0,0,0,0,0,0,0,0,0,0,0,0,1,0,0,0,0,0,0,0,0,0,0,0,1,0,0,0,0,0,0
28-Nov-2011 13:27:00,28-Nov-2011 13:27:59,leaveHouse,0.5604166666666667,0,0,0,0,0,0,0,0,0,0,0,0,0,0,0,0,0,0,0,0,0,0,0,0,0,1,0,0,0,0,0,0,0,0,0,0,0,1,1,0,0,0,0,0
28-Nov-2011 13:29:00,28-Nov-2011 13:29:59,leaveHouse,0.5618055555555556,0,0,0,0,0,0,0,0,0,0,0,1,0,0,0,0,0,0,0,0,0,0,0,0,0,1,0,0,0,0,0,0,0,0,0,0,0,1,0,0,0,0,0,0
28-Nov-2011 13:32:00,28-Nov-2011 13:32:59,idle,0.5638888888888889,0,0,0,0,0,0,0,0,0,0,0,0,0,0,0,0,0,0,0,0,0,0,0,0,0,0,1,0,0,0,0,0,0,0,0,0,0,1,0,0,0,0,0,0
28-Nov-2011 13:37:00,28-Nov-2011 13:37:59,idle,0.5673611111111111,0,0,0,0,0,1,0,0,0,0,0,0,0,0,0,0,0,0,0,0,0,0,0,0,0,0,1,0,0,0,0,0,0,0,0,0,0,1,0,0,0,0,0,0
28-Nov-2011 13:38:00,28-Nov-2011 13:38:59,watchTV,0.5680555555555555,0,0,0,0,0,1,0,0,0,0,1,0,0,0,0,0,0,0,0,0,0,0,0,0,0,0,1,0,0,0,0,0,0,0,0,0,0,1,0,0,0,0,0,0
28-Nov-2011 14:21:00,28-Nov-2011 14:21:59,watchTV,0.5979166666666667,0,0,0,0,0,0,0,0,0,0,1,0,0,0,0,0,0,0,0,0,0,0,0,0,0,0,1,0,0,0,0,0,0,0,0,0,0,1,1,1,0,0,0,0
28-Nov-2011 14:25:00,28-Nov-2011 14:25:59,useToilet,0.6006944444444444,0,0,0,0,0,0,0,0,0,0,0,0,0,0,0,0,0,0,0,0,0,0,0,0,0,0,1,0,0,0,0,0,0,0,0,0,0,1,0,0,0,0,0,0
28-Nov-2011 14:26:00,28-Nov-2011 14:26:59,useToilet,0.6013888888888889,0,0,0,1,0,0,0,0,0,0,0,0,0,0,0,0,0,0,0,0,0,0,0,0,0,0,1,0,0,0,0,0,0,0,0,0,0,1,0,0,0,0,0,0
28-Nov-2011 14:27:00,28-Nov-2011 14:27:59,useToilet,0.6020833333333333,0,0,0,1,0,1,0,0,0,0,0,0,0,0,0,0,0,0,0,0,0,0,0,0,0,0,1,0,0,0,0,0,0,0,0,0,0,1,0,0,0,0,0,0
28-Nov-2011 14:28:00,28-Nov-2011 14:28:59,prepareLunch,0.6027777777777777,0,0,0,0,0,1,1,0,0,0,0,0,0,0,0,0,0,0,0,0,0,0,0,0,0,0,1,0,0,0,0,0,0,0,0,0,0,1,0,0,0,0,0,0
28-Nov-2011 14:30:00,28-Nov-2011 14:30:59,prepareLunch,0.6041666666666666,0,0,0,0,0,0,0,0,0,0,0,0,0,0,0,0,0,0,0,0,0,0,0,0,0,0,1,0,0,0,0,0,0,0,0,0,0,1,0,0,0,0,0,0
28-Nov-2011 14:31:00,28-Nov-2011 14:31:59,prepareLunch,0.6048611111111111,0,0,0,0,0,0,1,0,1,0,0,0,0,0,0,0,0,0,0,0,0,0,0,0,0,0,0,1,0,0,0,0,0,0,0,0,0,1,0,0,0,0,0,0
28-Nov-2011 14:34:00,28-Nov-2011 14:34:59,prepareLunch,0.6069444444444444,0,0,0,0,0,0,0,0,1,0,0,0,0,0,0,0,0,0,0,0,0,0,0,0,0,0,0,1,0,0,0,0,0,0,0,0,0,1,0,0,0,0,0,0
28-Nov-2011 14:35:00,28-Nov-2011 14:35:59,prepareLunch,0.6076388888888888,0,0,0,0,0,1,0,0,1,0,0,0,0,0,0,0,0,0,0,0,0,0,0,0,0,0,0,1,0,0,0,0,0,0,0,0,0,1,0,0,0,0,0,0
28-Nov-2011 14:41:00,28-Nov-2011 14:41:59,prepareLunch,0.6118055555555556,0,0,0,0,0,0,0,0,1,0,0,0,0,0,0,0,0,0,0,0,0,0,0,0,0,0,0,1,0,0,0,0,0,0,0,0,0,1,1,0,0,0,0,0
28-Nov-2011 15:03:00,28-Nov-2011 15:03:59,prepareLunch,0.6270833333333333,0,0,0,0,0,0,0,0,0,0,0,0,0,0,0,0,0,0,0,0,0,0,0,0,0,0,0,1,0,0,0,0,0,0,0,0,0,1,1,0,0,0,0,0
28-Nov-2011 15:06:00,28-Nov-2011 15:06:59,grooming,0.6291666666666667,0,0,1,0,0,0,0,0,0,0,0,0,0,0,0,0,0,0,0,0,0,0,0,0,0,0,0,1,0,0,0,0,0,0,0,0,0,1,0,0,0,0,0,0
28-Nov-2011 16:09:00,28-Nov-2011 16:09:59,watchTV,0.6729166666666667,0,0,0,0,0,0,0,0,0,0,1,0,0,0,0,0,0,0,0,0,0,0,0,0,0,0,0,0,1,0,0,0,0,0,0,0,0,1,1,1,1,0,0,0
28-Nov-2011 16:10:00,28-Nov-2011 16:10:59,watchTV,0.6736111111111112,0,0,1,0,0,0,0,0,0,0,1,0,0,0,0,0,0,0,0,0,0,0,0,0,0,0,0,0,1,0,0,0,0,0,0,0,0,1,0,0,0,0,0,0
28-Nov-2011 20:19:00,28-Nov-2011 20:19:59,watchTV,0.8465277777777778,0,0,0,0,0,0,0,0,0,0,1,0,0,0,0,0,0,0,0,0,0,0,0,0,0,0,0,0,0,0,0,0,1,0,0,0,0,1,1,1,1,1,1,0
28-Nov-2011 20:20:00,28-Nov-2011 20:20:59,getSnack,0.8472222222222222,0,0,0,0,0,1,0,0,0,0,0,0,0,0,0,0,0,0,0,0,0,0,0,0,0,0,0,0,0,0,0,0,1,0,0,0,0,1,0,0,0,0,0,0
29-Nov-2011 02:06:00,29-Nov-2011 02:06:59,watchTV,0.0875,0,0,0,0,0,0,0,0,0,0,1,0,0,0,1,0,0,0,0,0,0,0,0,0,0,0,0,0,0,0,0,0,0,0,0,0,0,1,1,1,1,1,1,0
29-Nov-2011 02:15:00,29-Nov-2011 02:15:59,idle,0.09375,0,0,0,0,0,0,0,0,0,0,0,0,0,0,1,0,0,0,0,0,0,0,0,0,0,0,0,0,0,0,0,0,0,0,0,0,0,1,1,0,0,0,0,0
29-Nov-2011 11:31:00,29-Nov-2011 11:31:59,useToilet,0.4798611111111111,1,0,0,0,0,0,0,0,0,0,0,0,0,0,0,0,0,0,0,0,0,0,0,0,1,0,0,0,0,0,0,0,0,0,0,0,0,1,1,1,1,1,1,0
29-Nov-2011 11:36:00,29-Nov-2011 11:36:59,useToilet,0.4833333333333333,0,0,0,0,0,0,0,0,0,0,0,0,0,0,0,0,0,0,0,0,0,0,0,0,1,0,0,0,0,0,0,0,0,0,0,0,0,1,0,0,0,0,0,0
29-Nov-2011 11:37:00,29-Nov-2011 11:37:59,grooming,0.4840277777777778,0,0,1,1,0,0,0,0,0,0,0,0,0,0,0,0,0,0,0,0,0,0,0,0,1,0,0,0,0,0,0,0,0,0,0,0,0,1,0,0,0,0,0,0
29-Nov-2011 11:38:00,29-Nov-2011 11:38:59,grooming,0.4847222222222222,0,1,1,0,0,0,0,0,0,0,0,0,0,0,0,0,0,0,0,0,0,0,0,0,1,0,0,0,0,0,0,0,0,0,0,0,0,1,0,0,0,0,0,0
29-Nov-2011 11:47:00,29-Nov-2011 11:47:59,grooming,0.4909722222222222,0,0,1,0,0,0,0,0,0,0,0,0,0,0,0,0,0,0,0,0,0,0,0,0,1,0,0,0,0,0,0,0,0,0,0,0,0,1,1,0,0,0,0,0
29-Nov-2011 11:48:00,29-Nov-2011 11:48:59,grooming,0.4916666666666666,0,1,1,0,0,0,0,0,0,0,0,0,0,0,0,0,0,0,0,0,0,0,0,0,1,0,0,0,0,0,0,0,0,0,0,0,0,1,0,0,0,0,0,0
29-Nov-2011 11:51:00,29-Nov-2011 11:51:59,takeShower,0.49375,0,0,0,0,1,0,0,0,0,0,0,0,0,0,0,0,0,0,0,0,0,0,0,0,1,0,0,0,0,0,0,0,0,0,0,0,0,1,0,0,0,0,0,0
29-Nov-2011 12:07:00,29-Nov-2011 12:07:59,idle,0.5048611111111111,0,0,0,0,0,0,0,0,0,0,0,0,0,0,0,0,0,0,0,0,0,0,0,0,1,0,0,0,0,0,0,0,0,0,0,0,0,1,1,0,0,0,0,0
29-Nov-2011 12:08:00,29-Nov-2011 12:08:59,prepareBreakfast,0.5055555555555555,0,0,0,0,0,0,1,0,0,0,0,0,0,0,0,0,0,0,0,0,0,0,0,0,1,0,0,0,0,0,0,0,0,0,0,0,0,1,0,0,0,0,0,0
29-Nov-2011 12:09:00,29-Nov-2011 12:09:59,prepareBreakfast,0.50625,0,0,0,0,0,1,1,1,0,1,0,0,0,0,0,0,0,0,0,0,0,0,0,0,1,0,0,0,0,0,0,0,0,0,0,0,0,1,0,0,0,0,0,0
29-Nov-2011 12:10:00,29-Nov-2011 12:10:59,prepareBreakfast,0.5069444444444444,0,0,0,0,0,0,0,1,0,1,0,0,0,0,0,0,0,0,0,0,0,0,0,0,1,0,0,0,0,0,0,0,0,0,0,0,0,1,0,0,0,0,0,0
29-Nov-2011 12:13:00,29-Nov-2011 12:13:59,prepareBreakfast,0.5090277777777777,0,0,0,0,0,0,0,1,0,0,0,0,0,0,0,0,0,0,0,0,0,0,0,0,1,0,0,0,0,0,0,0,0,0,0,0,0,1,0,0,0,0,0,0
29-Nov-2011 12:18:00,29-Nov-2011 12:18:59,prepareBreakfast,0.5125,0,0,0,0,0,0,0,0,0,0,0,0,0,0,0,0,0,0,0,0,0,0,0,0,1,0,0,0,0,0,0,0,0,0,0,0,0,1,0,0,0,0,0,0
29-Nov-2011 12:19:00,29-Nov-2011 12:19:59,grooming,0.5131944444444444,0,1,1,0,0,0,0,0,0,0,0,0,0,0,0,0,0,0,0,0,0,0,0,0,1,0,0,0,0,0,0,0,0,0,0,0,0,1,0,0,0,0,0,0
29-Nov-2011 12:20:00,29-Nov-2011 12:20:59,grooming,0.5138888888888888,0,0,1,0,0,0,0,0,0,0,0,0,0,0,0,0,0,0,0,0,0,0,0,0,1,0,0,0,0,0,0,0,0,0,0,0,0,1,0,0,0,0,0,0
29-Nov-2011 12:21:00,29-Nov-2011 12:21:59,grooming,0.5145833333333333,0,0,1,1,0,0,0,0,0,0,0,0,0,0,0,0,0,0,0,0,0,0,0,0,1,0,0,0,0,0,0,0,0,0,0,0,0,1,0,0,0,0,0,0
29-Nov-2011 13:24:00,29-Nov-2011 13:24:59,idle,0.5583333333333333,0,0,0,0,0,0,0,0,0,0,1,0,0,0,0,0,0,0,0,0,0,0,0,0,0,1,0,0,0,0,0,0,0,0,0,0,0,1,1,1,1,0,0,0
29-Nov-2011 13:25:00,29-Nov-2011 13:25:59,getSnack,0.5590277777777778,0,0,0,0,0,1,0,0,0,0,1,0,0,0,0,0,0,0,0,0,0,0,0,0,0,1,0,0,0,0,0,0,0,0,0,0,0,1,0,0,0,0,0,0
29-Nov-2011 15:12:00,29-Nov-2011 15:12:59,watchTV,0.6333333333333333,0,0,0,0,0,0,0,0,0,0,1,0,0,0,0,0,0,0,0,0,0,0,0,0,0,0,0,1,0,0,0,0,0,0,0,0,0,1,1,1,1,0,0,0
29-Nov-2011 15:13:00,29-Nov-2011 15:13:59,useToilet,0.6340277777777777,0,0,1,1,0,0,0,0,0,0,0,0,0,0,0,0,0,0,0,0,0,0,0,0,0,0,0,1,0,0,0,0,0,0,0,0,0,1,0,0,0,0,0,0
29-Nov-2011 15:14:00,29-Nov-2011 15:14:59,prepareLunch,0.6347222222222222,0,0,0,0,0,0,1,0,0,0,0,0,0,0,0,0,0,0,0,0,0,0,0,0,0,0,0,1,0,0,0,0,0,0,0,0,0,1,0,0,0,0,0,0
29-Nov-2011 15:16:00,29-Nov-2011 15:16:59,prepareLunch,0.6361111111111111,0,0,0,0,0,0,1,0,1,1,0,0,0,0,0,0,0,0,0,0,0,0,0,0,0,0,0,1,0,0,0,0,0,0,0,0,0,1,0,0,0,0,0,0
29-Nov-2011 15:22:00,29-Nov-2011 15:22:59,prepareLunch,0.6402777777777777,0,0,0,0,0,0,0,0,1,1,0,0,0,0,0,0,0,0,0,0,0,0,0,0,0,0,0,1,0,0,0,0,0,0,0,0,0,1,1,0,0,0,0,0
29-Nov-2011 15:23:00,29-Nov-2011 15:23:59,prepareLunch,0.6409722222222223,0,0,0,0,0,0,0,0,1,0,0,0,0,0,0,0,0,0,0,0,0,0,0,0,0,0,0,1,0,0,0,0,0,0,0,0,0,1,0,0,0,0,0,0
29-Nov-2011 15:24:00,29-Nov-2011 15:24:59,prepareLunch,0.6416666666666667,0,0,0,0,0,1,1,0,1,0,0,0,0,0,0,0,0,0,0,0,0,0,0,0,0,0,0,1,0,0,0,0,0,0,0,0,0,1,0,0,0,0,0,0
29-Nov-2011 15:36:00,29-Nov-2011 15:36:59,prepareLunch,0.65,0,0,0,0,0,0,0,0,1,0,0,0,0,0,0,0,0,0,0,0,0,0,0,0,0,0,0,0,1,0,0,0,0,0,0,0,0,1,1,0,0,0,0,0
29-Nov-2011 15:44:00,29-Nov-2011 15:44:59,prepareLunch,0.6555555555555556,0,0,0,0,0,0,0,0,0,0,0,0,0,0,0,0,0,0,0,0,0,0,0,0,0,0,0,0,1,0,0,0,0,0,0,0,0,1,1,0,0,0,0,0
29-Nov-2011 15:45:00,29-Nov-2011 15:45:59,prepareLunch,0.65625,0,0,0,0,0,1,0,0,0,0,0,0,0,0,0,0,0,0,0,0,0,0,0,0,0,0,0,0,1,0,0,0,0,0,0,0,0,1,0,0,0,0,0,0
29-Nov-2011 15:48:00,29-Nov-2011 15:48:59,idle,0.6583333333333333,0,0,0,0,0,0,0,0,0,0,0,0,0,0,0,0,0,0,0,0,0,0,0,0,0,0,0,0,1,0,0,0,0,0,0,0,0,1,0,0,0,0,0,0
29-Nov-2011 15:50:00,29-Nov-2011 15:50:59,grooming,0.6597222222222222,0,0,1,0,0,0,0,0,0,0,0,0,0,0,0,0,0,0,0,0,0,0,0,0,0,0,0,0,1,0,0,0,0,0,0,0,0,1,0,0,0,0,0,0
29-Nov-2011 15:51:00,29-Nov-2011 15:51:59,idle,0.6604166666666667,0,0,0,0,0,0,0,0,0,0,0,0,0,0,0,0,0,0,0,0,0,0,0,0,0,0,0,0,1,0,0,0,0,0,0,0,0,1,0,0,0,0,0,0
29-Nov-2011 16:17:00,29-Nov-2011 16:17:59,watchTV,0.6784722222222223,0,0,0,0,0,0,0,0,0,0,1,0,0,0,0,0,0,0,0,0,0,0,0,0,0,0,0,0,1,0,0,0,0,0,0,0,0,1,1,0,0,0,0,0
29-Nov-2011 16:30:00,29-Nov-2011 16:30:59,useToilet,0.6875,0,0,0,0,0,0,0,0,0,0,0,0,0,0,0,0,0,0,0,0,0,0,0,0,0,0,0,0,1,0,0,0,0,0,0,0,0,1,1,0,0,0,0,0
29-Nov-2011 16:31:00,29-Nov-2011 16:31:59,useToilet,0.6881944444444444,0,0,0,1,0,0,0,0,0,0,0,0,0,0,0,0,0,0,0,0,0,0,0,0,0,0,0,0,0,1,0,0,0,0,0,0,0,1,0,0,0,0,0,0
29-Nov-2011 16:32:00,29-Nov-2011 16:32:59,idle,0.6888888888888889,0,0,0,0,0,0,1,0,0,0,0,0,0,0,0,0,0,0,0,0,0,0,0,0,0,0,0,0,0,1,0,0,0,0,0,0,0,1,0,0,0,0,0,0
29-Nov-2011 16:33:00,29-Nov-2011 16:33:59,idle,0.6895833333333333,0,0,0,0,0,0,0,0,0,0,0,0,0,0,0,0,0,0,0,0,0,0,0,0,0,0,0,0,0,1,0,0,0,0,0,0,0,1,0,0,0,0,0,0
29-Nov-2011 17:07:00,29-Nov-2011 17:07:59,watchTV,0.7131944444444445,0,0,0,0,0,0,0,0,0,0,1,0,0,0,0,0,0,0,0,0,0,0,0,0,0,0,0,0,0,1,0,0,0,0,0,0,0,1,1,1,0,0,0,0
29-Nov-2011 17:08:00,29-Nov-2011 17:08:59,useToilet,0.7138888888888889,0,0,1,0,0,0,0,0,0,0,1,0,0,0,0,0,0,0,0,0,0,0,0,0,0,0,0,0,0,1,0,0,0,0,0,0,0,1,0,0,0,0,0,0
29-Nov-2011 17:09:00,29-Nov-2011 17:09:59,useToilet,0.7145833333333333,0,0,1,1,0,0,0,0,0,0,1,0,0,0,0,0,0,0,0,0,0,0,0,0,0,0,0,0,0,1,0,0,0,0,0,0,0,1,0,0,0,0,0,0
29-Nov-2011 18:57:00,29-Nov-2011 18:57:59,watchTV,0.7895833333333333,0,0,0,0,0,0,0,0,0,0,1,0,0,0,0,0,0,0,0,0,0,0,0,0,0,0,0,0,0,0,0,1,0,0,0,0,0,1,1,1,1,0,0,0
29-Nov-2011 19:01:00,29-Nov-2011 19:01:59,idle,0.7923611111111111,0,0,0,0,0,0,0,0,0,0,0,0,0,0,0,0,0,0,0,0,0,0,0,0,0,0,0,0,0,0,0,1,0,0,0,0,0,1,0,0,0,0,0,0
29-Nov-2011 19:02:00,29-Nov-2011 19:02:59,leaveHouse,0.7930555555555555,0,0,0,0,0,0,0,0,0,0,0,1,0,0,0,0,0,0,0,0,0,0,0,0,0,0,0,0,0,0,0,1,0,0,0,0,0,1,0,0,0,0,0,0
29-Nov-2011 20:22:00,29-Nov-2011 20:22:59,leaveHouse,0.8486111111111111,0,0,0,0,0,0,0,0,0,0,0,0,0,0,0,0,0,0,0,0,0,0,0,0,0,0,0,0,0,0,0,0,1,0,0,0,0,1,1,1,1,0,0,0
29-Nov-2011 20:23:00,29-Nov-2011 20:23:59,leaveHouse,0.8493055555555555,0,0,0,0,0,0,0,0,0,0,0,1,0,0,0,0,0,0,0,0,0,0,0,0,0,0,0,0,0,0,0,0,1,0,0,0,0,1,0,0,0,0,0,0
29-Nov-2011 20:27:00,29-Nov-2011 20:27:59,idle,0.8520833333333333,0,0,0,0,0,0,0,0,0,0,0,0,0,0,0,0,0,0,0,0,0,0,0,0,0,0,0,0,0,0,0,0,1,0,0,0,0,1,0,0,0,0,0,0
30-Nov-2011 01:19:00,30-Nov-2011 01:19:59,watchTV,0.05486111111111111,0,0,0,0,0,0,0,0,0,0,1,0,0,1,0,0,0,0,0,0,0,0,0,0,0,0,0,0,0,0,0,0,0,0,0,0,0,1,1,1,1,1,1,0
30-Nov-2011 01:21:00,30-Nov-2011 01:21:59,idle,0.05625,0,0,0,0,0,0,0,0,0,0,0,0,0,1,0,0,0,0,0,0,0,0,0,0,0,0,0,0,0,0,0,0,0,0,0,0,0,1,0,0,0,0,0,0
30-Nov-2011 10:07:00,30-Nov-2011 10:07:59,goToBed,0.4215277777777778,1,0,0,0,0,0,0,0,0,0,0,0,0,0,0,0,0,0,0,0,0,0,1,0,0,0,0,0,0,0,0,0,0,0,0,0,0,1,1,1,1,1,1,0
30-Nov-2011 10:13:00,30-Nov-2011 10:13:59,useToilet,0.4256944444444444,0,0,0,0,0,0,0,0,0,0,0,0,0,0,0,0,0,0,0,0,0,0,1,0,0,0,0,0,0,0,0,0,0,0,0,0,0,1,1,0,0,0,0,0
30-Nov-2011 10:14:00,30-Nov-2011 10:14:59,takeShower,0.4263888888888889,0,0,0,1,1,0,0,0,0,0,0,0,0,0,0,0,0,0,0,0,0,0,1,0,0,0,0,0,0,0,0,0,0,0,0,0,0,1,0,0,0,0,0,0
30-Nov-2011 10:18:00,30-Nov-2011 10:18:59,takeShower,0.42916666666666653,0,0,0,0,1,0,0,0,0,0,0,0,0,0,0,0,0,0,0,0,0,0,1,0,0,0,0,0,0,0,0,0,0,0,0,0,0,1,0,0,0,0,0,0
30-Nov-2011 10:22:00,30-Nov-2011 10:22:59,prepareBreakfast,0.4319444444444445,0,0,0,0,0,0,0,0,0,0,0,0,0,0,0,0,0,0,0,0,0,0,1,0,0,0,0,0,0,0,0,0,0,0,0,0,0,1,0,0,0,0,0,0
30-Nov-2011 10:23:00,30-Nov-2011 10:23:59,prepareBreakfast,0.4326388888888889,0,0,0,0,0,1,1,0,0,1,0,0,0,0,0,0,0,0,0,0,0,0,1,0,0,0,0,0,0,0,0,0,0,0,0,0,0,1,0,0,0,0,0,0
30-Nov-2011 10:27:00,30-Nov-2011 10:27:59,prepareBreakfast,0.4354166666666667,0,0,0,0,0,0,0,1,0,1,0,0,0,0,0,0,0,0,0,0,0,0,1,0,0,0,0,0,0,0,0,0,0,0,0,0,0,1,0,0,0,0,0,0
30-Nov-2011 10:28:00,30-Nov-2011 10:28:59,prepareBreakfast,0.4361111111111111,0,0,0,0,0,0,0,0,0,1,0,0,0,0,0,0,0,0,0,0,0,0,1,0,0,0,0,0,0,0,0,0,0,0,0,0,0,1,0,0,0,0,0,0
30-Nov-2011 10:38:00,30-Nov-2011 10:38:59,idle,0.4430555555555555,0,0,0,0,0,0,0,0,0,0,0,0,0,0,0,0,0,0,0,0,0,0,0,1,0,0,0,0,0,0,0,0,0,0,0,0,0,1,1,0,0,0,0,0
30-Nov-2011 10:39:00,30-Nov-2011 10:39:59,grooming,0.44375,0,1,1,0,0,0,0,0,0,0,0,0,0,0,0,0,0,0,0,0,0,0,0,1,0,0,0,0,0,0,0,0,0,0,0,0,0,1,0,0,0,0,0,0
30-Nov-2011 10:40:00,30-Nov-2011 10:40:59,grooming,0.4444444444444444,0,0,1,0,0,0,0,0,0,0,0,0,0,0,0,0,0,0,0,0,0,0,0,1,0,0,0,0,0,0,0,0,0,0,0,0,0,1,0,0,0,0,0,0
30-Nov-2011 10:41:00,30-Nov-2011 10:41:59,grooming,0.4451388888888889,0,0,1,0,0,0,0,0,0,0,1,0,0,0,0,0,0,0,0,0,0,0,0,1,0,0,0,0,0,0,0,0,0,0,0,0,0,1,0,0,0,0,0,0
30-Nov-2011 13:04:00,30-Nov-2011 13:04:59,watchTV,0.5444444444444444,0,0,0,0,0,0,0,0,0,0,1,0,0,0,0,0,0,0,0,0,0,0,0,0,0,1,0,0,0,0,0,0,0,0,0,0,0,1,1,1,1,1,0,0
30-Nov-2011 13:05:00,30-Nov-2011 13:05:59,getSnack,0.5451388888888888,0,0,0,0,0,1,0,0,0,0,1,0,0,0,0,0,0,0,0,0,0,0,0,0,0,1,0,0,0,0,0,0,0,0,0,0,0,1,0,0,0,0,0,0
30-Nov-2011 14:09:00,30-Nov-2011 14:09:59,watchTV,0.5895833333333333,0,0,0,0,0,0,0,0,0,0,1,0,0,0,0,0,0,0,0,0,0,0,0,0,0,0,1,0,0,0,0,0,0,0,0,0,0,1,1,1,1,0,0,0
30-Nov-2011 14:10:00,30-Nov-2011 14:10:59,idle,0.5902777777777778,0,0,0,0,0,0,0,0,0,0,0,0,0,0,0,0,0,0,0,0,0,0,0,0,0,0,1,0,0,0,0,0,0,0,0,0,0,1,0,0,0,0,0,0
30-Nov-2011 14:11:00,30-Nov-2011 14:11:59,useToilet,0.5909722222222222,0,0,1,1,0,0,0,0,0,0,0,0,0,0,0,0,0,0,0,0,0,0,0,0,0,0,1,0,0,0,0,0,0,0,0,0,0,1,0,0,0,0,0,0
30-Nov-2011 14:12:00,30-Nov-2011 14:12:59,idle,0.5916666666666667,0,0,0,0,0,0,0,0,0,0,0,0,0,0,0,0,0,0,0,0,0,0,0,0,0,0,1,0,0,0,0,0,0,0,0,0,0,1,0,0,0,0,0,0
30-Nov-2011 14:34:00,30-Nov-2011 14:34:59,watchTV,0.6069444444444444,0,0,0,0,0,0,0,0,0,0,1,0,0,0,0,0,0,0,0,0,0,0,0,0,0,0,0,1,0,0,0,0,0,0,0,0,0,1,1,0,0,0,0,0
30-Nov-2011 14:38:00,30-Nov-2011 14:38:59,idle,0.6097222222222223,0,0,0,0,0,0,0,0,0,0,0,0,0,0,0,0,0,0,0,0,0,0,0,0,0,0,0,1,0,0,0,0,0,0,0,0,0,1,0,0,0,0,0,0
30-Nov-2011 14:39:00,30-Nov-2011 14:39:59,prepareLunch,0.6104166666666667,0,0,0,0,0,0,0,0,1,0,0,0,0,0,0,0,0,0,0,0,0,0,0,0,0,0,0,1,0,0,0,0,0,0,0,0,0,1,0,0,0,0,0,0
30-Nov-2011 14:40:00,30-Nov-2011 14:40:59,prepareLunch,0.6111111111111112,0,0,0,0,0,0,1,0,1,0,0,0,0,0,0,0,0,0,0,0,0,0,0,0,0,0,0,1,0,0,0,0,0,0,0,0,0,1,0,0,0,0,0,0
30-Nov-2011 14:42:00,30-Nov-2011 14:42:59,prepareLunch,0.6125,0,0,0,0,0,1,0,0,1,0,0,0,0,0,0,0,0,0,0,0,0,0,0,0,0,0,0,1,0,0,0,0,0,0,0,0,0,1,0,0,0,0,0,0
30-Nov-2011 14:45:00,30-Nov-2011 14:45:59,prepareLunch,0.6145833333333334,0,0,0,0,0,0,0,0,1,0,0,0,0,0,0,0,0,0,0,0,0,0,0,0,0,0,0,1,0,0,0,0,0,0,0,0,0,1,0,0,0,0,0,0
30-Nov-2011 14:46:00,30-Nov-2011 14:46:59,prepareLunch,0.6152777777777778,0,0,0,0,0,1,0,0,1,0,0,0,0,0,0,0,0,0,0,0,0,0,0,0,0,0,0,1,0,0,0,0,0,0,0,0,0,1,0,0,0,0,0,0
30-Nov-2011 14:49:00,30-Nov-2011 14:49:59,prepareLunch,0.6173611111111111,0,0,0,0,0,0,0,0,1,0,0,0,0,0,0,0,0,0,0,0,0,0,0,0,0,0,0,1,0,0,0,0,0,0,0,0,0,1,0,0,0,0,0,0
30-Nov-2011 14:50:00,30-Nov-2011 14:50:59,prepareLunch,0.6180555555555556,0,0,0,0,0,1,0,0,1,0,0,0,0,0,0,0,0,0,0,0,0,0,0,0,0,0,0,1,0,0,0,0,0,0,0,0,0,1,0,0,0,0,0,0
30-Nov-2011 14:55:00,30-Nov-2011 14:55:59,prepareLunch,0.6215277777777778,0,0,0,0,0,0,0,0,1,0,0,0,0,0,0,0,0,0,0,0,0,0,0,0,0,0,0,1,0,0,0,0,0,0,0,0,0,1,0,0,0,0,0,0
30-Nov-2011 15:10:00,30-Nov-2011 15:10:59,idle,0.6319444444444444,0,0,0,0,0,0,0,0,0,0,0,0,0,0,0,0,0,0,0,0,0,0,0,0,0,0,0,1,0,0,0,0,0,0,0,0,0,1,1,0,0,0,0,0
30-Nov-2011 16:39:00,30-Nov-2011 16:39:59,watchTV,0.69375,0,0,0,0,0,0,0,0,0,0,1,0,0,0,0,0,0,0,0,0,0,0,0,0,0,0,0,0,0,1,0,0,0,0,0,0,0,1,1,1,1,0,0,0
30-Nov-2011 16:40:00,30-Nov-2011 16:40:59,useToilet,0.6944444444444444,0,0,1,1,0,0,0,0,0,0,0,0,0,0,0,0,0,0,0,0,0,0,0,0,0,0,0,0,0,1,0,0,0,0,0,0,0,1,0,0,0,0,0,0
30-Nov-2011 16:41:00,30-Nov-2011 16:41:59,getSnack,0.6951388888888889,0,0,0,0,0,1,0,0,0,0,1,0,0,0,0,0,0,0,0,0,0,0,0,0,0,0,0,0,0,1,0,0,0,0,0,0,0,1,0,0,0,0,0,0
30-Nov-2011 18:00:00,30-Nov-2011 18:00:59,watchTV,0.75,0,0,0,0,0,0,0,0,0,0,1,0,0,0,0,0,0,0,0,0,0,0,0,0,0,0,0,0,0,0,1,0,0,0,0,0,0,1,1,1,1,0,0,0
30-Nov-2011 18:01:00,30-Nov-2011 18:01:59,useToilet,0.7506944444444444,0,0,1,1,0,0,0,0,0,0,1,0,0,0,0,0,0,0,0,0,0,0,0,0,0,0,0,0,0,0,1,0,0,0,0,0,0,1,0,0,0,0,0,0
30-Nov-2011 18:02:00,30-Nov-2011 18:02:59,watchTV,0.7513888888888889,0,0,0,1,0,0,0,0,0,0,1,0,0,0,0,0,0,0,0,0,0,0,0,0,0,0,0,0,0,0,1,0,0,0,0,0,0,1,0,0,0,0,0,0
30-Nov-2011 18:43:00,30-Nov-2011 18:43:59,watchTV,0.7798611111111111,0,0,0,0,0,0,0,0,0,0,1,0,0,0,0,0,0,0,0,0,0,0,0,0,0,0,0,0,0,0,0,1,0,0,0,0,0,1,1,1,0,0,0,0
30-Nov-2011 18:56:00,30-Nov-2011 18:56:59,idle,0.7888888888888889,0,0,0,0,0,0,0,0,0,0,0,0,0,0,0,0,0,0,0,0,0,0,0,0,0,0,0,0,0,0,0,1,0,0,0,0,0,1,1,0,0,0,0,0
30-Nov-2011 18:57:00,30-Nov-2011 18:57:59,useToilet,0.7895833333333333,0,0,0,1,0,0,0,0,0,0,1,0,0,0,0,0,0,0,0,0,0,0,0,0,0,0,0,0,0,0,0,1,0,0,0,0,0,1,0,0,0,0,0,0
30-Nov-2011 19:36:00,30-Nov-2011 19:36:59,watchTV,0.8166666666666667,0,0,0,0,0,0,0,0,0,0,1,0,0,0,0,0,0,0,0,0,0,0,0,0,0,0,0,0,0,0,0,0,1,0,0,0,0,1,1,1,0,0,0,0
30-Nov-2011 19:37:00,30-Nov-2011 19:37:59,useToilet,0.8173611111111111,0,0,1,1,0,0,0,0,0,0,1,0,0,0,0,0,0,0,0,0,0,0,0,0,0,0,0,0,0,0,0,0,1,0,0,0,0,1,0,0,0,0,0,0
30-Nov-2011 19:38:00,30-Nov-2011 19:38:59,useToilet,0.8180555555555555,0,0,0,1,0,0,0,0,0,0,0,0,0,0,0,0,0,0,0,0,0,0,0,0,0,0,0,0,0,0,0,0,1,0,0,0,0,1,0,0,0,0,0,0
30-Nov-2011 19:45:00,30-Nov-2011 19:45:59,idle,0.8229166666666666,0,0,0,0,0,0,0,0,0,0,0,0,0,0,0,0,0,0,0,0,0,0,0,0,0,0,0,0,0,0,0,0,1,0,0,0,0,1,1,0,0,0,0,0
30-Nov-2011 19:46:00,30-Nov-2011 19:46:59,leaveHouse,0.8236111111111111,0,0,0,0,0,0,0,0,0,0,0,1,0,0,0,0,0,0,0,0,0,0,0,0,0,0,0,0,0,0,0,0,1,0,0,0,0,1,0,0,0,0,0,0
30-Nov-2011 20:04:00,30-Nov-2011 20:04:59,leaveHouse,0.8361111111111111,0,0,0,0,0,0,0,0,0,0,0,0,0,0,0,0,0,0,0,0,0,0,0,0,0,0,0,0,0,0,0,0,1,0,0,0,0,1,1,0,0,0,0,0
30-Nov-2011 20:05:00,30-Nov-2011 20:05:59,leaveHouse,0.8368055555555556,0,0,0,0,0,0,0,0,0,0,0,1,0,0,0,0,0,0,0,0,0,0,0,0,0,0,0,0,0,0,0,0,1,0,0,0,0,1,0,0,0,0,0,0
30-Nov-2011 20:07:00,30-Nov-2011 20:07:59,idle,0.8381944444444445,0,0,0,0,0,0,0,0,0,0,0,0,0,0,0,0,0,0,0,0,0,0,0,0,0,0,0,0,0,0,0,0,1,0,0,0,0,1,0,0,0,0,0,0
30-Nov-2011 20:08:00,30-Nov-2011 20:08:59,idle,0.8388888888888889,0,0,0,0,0,0,0,0,0,0,1,0,0,0,0,0,0,0,0,0,0,0,0,0,0,0,0,0,0,0,0,0,1,0,0,0,0,1,0,0,0,0,0,0
30-Nov-2011 20:12:00,30-Nov-2011 20:12:59,idle,0.8416666666666667,0,0,0,0,0,1,0,0,0,0,0,0,0,0,0,0,0,0,0,0,0,0,0,0,0,0,0,0,0,0,0,0,1,0,0,0,0,1,0,0,0,0,0,0
30-Nov-2011 20:13:00,30-Nov-2011 20:13:59,grooming,0.8423611111111111,0,0,1,0,0,1,0,0,0,0,0,0,0,0,0,0,0,0,0,0,0,0,0,0,0,0,0,0,0,0,0,0,1,0,0,0,0,1,0,0,0,0,0,0
01-Dec-2011 01:34:00,01-Dec-2011 01:34:59,watchTV,0.06527777777777778,0,0,0,0,0,0,0,0,0,0,1,0,0,0,1,0,0,0,0,0,0,0,0,0,0,0,0,0,0,0,0,0,0,0,0,0,0,1,1,1,1,1,1,0
01-Dec-2011 01:36:00,01-Dec-2011 01:36:59,idle,0.06666666666666668,0,0,0,0,0,0,0,0,0,0,0,0,0,0,1,0,0,0,0,0,0,0,0,0,0,0,0,0,0,0,0,0,0,0,0,0,0,1,0,0,0,0,0,0
01-Dec-2011 10:50:00,01-Dec-2011 10:50:59,goToBed,0.4513888888888889,1,0,0,0,0,0,0,0,0,0,0,0,0,0,0,0,0,0,0,0,0,0,0,1,0,0,0,0,0,0,0,0,0,0,0,0,0,1,1,1,1,1,1,0
01-Dec-2011 10:54:00,01-Dec-2011 10:54:59,idle,0.4541666666666666,0,0,0,0,0,0,0,0,0,0,0,0,0,0,0,0,0,0,0,0,0,0,0,1,0,0,0,0,0,0,0,0,0,0,0,0,0,1,0,0,0,0,0,0
01-Dec-2011 10:55:00,01-Dec-2011 10:55:59,grooming,0.4548611111111111,0,1,1,1,0,0,0,0,0,0,0,0,0,0,0,0,0,0,0,0,0,0,0,1,0,0,0,0,0,0,0,0,0,0,0,0,0,1,0,0,0,0,0,0
01-Dec-2011 10:57:00,01-Dec-2011 10:57:59,idle,0.45625,0,0,0,0,0,0,0,0,0,0,0,0,0,0,0,0,0,0,0,0,0,0,0,1,0,0,0,0,0,0,0,0,0,0,0,0,0,1,0,0,0,0,0,0
01-Dec-2011 11:12:00,01-Dec-2011 11:12:59,takeShower,0.4666666666666667,0,0,0,0,1,0,0,0,0,0,0,0,0,0,0,0,0,0,0,0,0,0,0,1,0,0,0,0,0,0,0,0,0,0,0,0,0,1,1,0,0,0,0,0
01-Dec-2011 11:16:00,01-Dec-2011 11:16:59,idle,0.4694444444444445,0,0,0,0,0,0,0,0,0,0,0,0,0,0,0,0,0,0,0,0,0,0,0,1,0,0,0,0,0,0,0,0,0,0,0,0,0,1,0,0,0,0,0,0
01-Dec-2011 11:17:00,01-Dec-2011 11:17:59,prepareBreakfast,0.4701388888888889,0,0,0,0,0,1,1,1,0,1,0,0,0,0,0,0,0,0,0,0,0,0,0,1,0,0,0,0,0,0,0,0,0,0,0,0,0,1,0,0,0,0,0,0
01-Dec-2011 11:19:00,01-Dec-2011 11:19:59,prepareBreakfast,0.4715277777777778,0,0,0,0,0,0,0,1,0,1,0,0,0,0,0,0,0,0,0,0,0,0,0,1,0,0,0,0,0,0,0,0,0,0,0,0,0,1,0,0,0,0,0,0
01-Dec-2011 11:29:00,01-Dec-2011 11:29:59,prepareBreakfast,0.4784722222222222,0,0,0,0,0,0,0,0,0,0,0,0,0,0,0,0,0,0,0,0,0,0,0,1,0,0,0,0,0,0,0,0,0,0,0,0,0,1,1,0,0,0,0,0
01-Dec-2011 14:07:00,01-Dec-2011 14:07:59,watchTV,0.5881944444444445,0,0,0,0,0,0,0,0,0,0,1,0,0,0,0,0,0,0,0,0,0,0,0,0,0,0,1,0,0,0,0,0,0,0,0,0,0,1,1,1,1,1,1,0
01-Dec-2011 14:08:00,01-Dec-2011 14:08:59,watchTV,0.5888888888888889,0,0,1,0,0,0,0,0,0,0,1,0,0,0,0,0,0,0,0,0,0,0,0,0,0,0,1,0,0,0,0,0,0,0,0,0,0,1,0,0,0,0,0,0
01-Dec-2011 14:28:00,01-Dec-2011 14:28:59,watchTV,0.6027777777777777,0,0,0,0,0,0,0,0,0,0,1,0,0,0,0,0,0,0,0,0,0,0,0,0,0,0,1,0,0,0,0,0,0,0,0,0,0,1,1,0,0,0,0,0
01-Dec-2011 14:29:00,01-Dec-2011 14:29:59,prepareLunch,0.6034722222222222,0,0,0,0,0,0,0,0,1,1,1,0,0,0,0,0,0,0,0,0,0,0,0,0,0,0,1,0,0,0,0,0,0,0,0,0,0,1,0,0,0,0,0,0
01-Dec-2011 14:36:00,01-Dec-2011 14:36:59,prepareLunch,0.6083333333333333,0,0,0,0,0,0,0,0,1,1,0,0,0,0,0,0,0,0,0,0,0,0,0,0,0,0,0,1,0,0,0,0,0,0,0,0,0,1,1,0,0,0,0,0
01-Dec-2011 14:37:00,01-Dec-2011 14:37:59,prepareLunch,0.6090277777777777,0,0,0,0,0,0,0,0,1,0,0,0,0,0,0,0,0,0,0,0,0,0,0,0,0,0,0,1,0,0,0,0,0,0,0,0,0,1,0,0,0,0,0,0
01-Dec-2011 14:38:00,01-Dec-2011 14:38:59,prepareLunch,0.6097222222222223,0,0,0,0,0,1,0,0,1,0,0,0,0,0,0,0,0,0,0,0,0,0,0,0,0,0,0,1,0,0,0,0,0,0,0,0,0,1,0,0,0,0,0,0
01-Dec-2011 14:48:00,01-Dec-2011 14:48:59,prepareLunch,0.6166666666666667,0,0,0,0,0,0,0,0,1,0,0,0,0,0,0,0,0,0,0,0,0,0,0,0,0,0,0,1,0,0,0,0,0,0,0,0,0,1,1,0,0,0,0,0
01-Dec-2011 14:49:00,01-Dec-2011 14:49:59,prepareLunch,0.6173611111111111,0,0,0,0,0,1,0,0,1,0,0,0,0,0,0,0,0,0,0,0,0,0,0,0,0,0,0,1,0,0,0,0,0,0,0,0,0,1,0,0,0,0,0,0
01-Dec-2011 14:52:00,01-Dec-2011 14:52:59,prepareLunch,0.6194444444444445,0,0,0,0,0,0,0,0,1,0,0,0,0,0,0,0,0,0,0,0,0,0,0,0,0,0,0,1,0,0,0,0,0,0,0,0,0,1,0,0,0,0,0,0
01-Dec-2011 15:08:00,01-Dec-2011 15:08:59,idle,0.6305555555555555,0,0,0,0,0,0,0,0,0,0,0,0,0,0,0,0,0,0,0,0,0,0,0,0,0,0,0,1,0,0,0,0,0,0,0,0,0,1,1,0,0,0,0,0
01-Dec-2011 16:25:00,01-Dec-2011 16:25:59,watchTV,0.6840277777777778,0,0,0,0,0,0,0,0,0,0,1,0,0,0,0,0,0,0,0,0,0,0,0,0,0,0,0,0,1,0,0,0,0,0,0,0,0,1,1,1,1,0,0,0
01-Dec-2011 16:26:00,01-Dec-2011 16:26:59,useToilet,0.6847222222222222,0,0,1,1,0,0,0,0,0,0,1,0,0,0,0,0,0,0,0,0,0,0,0,0,0,0,0,0,1,0,0,0,0,0,0,0,0,1,0,0,0,0,0,0
01-Dec-2011 16:27:00,01-Dec-2011 16:27:59,useToilet,0.6854166666666667,0,0,1,1,0,0,0,0,0,0,0,0,0,0,0,0,0,0,0,0,0,0,0,0,0,0,0,0,1,0,0,0,0,0,0,0,0,1,0,0,0,0,0,0
01-Dec-2011 17:27:00,01-Dec-2011 17:27:59,grooming,0.7270833333333333,0,0,1,0,0,0,0,0,0,0,0,0,0,0,0,0,0,0,0,0,0,0,0,0,0,0,0,0,0,1,0,0,0,0,0,0,0,1,1,1,0,0,0,0
01-Dec-2011 17:28:00,01-Dec-2011 17:28:59,idle,0.7277777777777777,0,0,0,0,0,0,0,0,0,0,0,0,0,0,0,0,0,0,0,0,0,0,0,0,0,0,0,0,0,1,0,0,0,0,0,0,0,1,0,0,0,0,0,0
01-Dec-2011 17:29:00,01-Dec-2011 17:29:59,leaveHouse,0.7284722222222222,0,0,0,0,0,0,0,0,0,0,0,1,0,0,0,0,0,0,0,0,0,0,0,0,0,0,0,0,0,1,0,0,0,0,0,0,0,1,0,0,0,0,0,0
01-Dec-2011 18:48:00,01-Dec-2011 18:48:59,leaveHouse,0.7833333333333333,0,0,0,0,0,0,0,0,0,0,0,0,0,0,0,0,0,0,0,0,0,0,0,0,0,0,0,0,0,0,0,1,0,0,0,0,0,1,1,1,1,0,0,0
01-Dec-2011 18:49:00,01-Dec-2011 18:49:59,leaveHouse,0.7840277777777778,0,0,0,0,0,0,0,0,0,0,0,1,0,0,0,0,0,0,0,0,0,0,0,0,0,0,0,0,0,0,0,1,0,0,0,0,0,1,0,0,0,0,0,0
01-Dec-2011 18:53:00,01-Dec-2011 18:53:59,idle,0.7868055555555555,0,0,0,0,0,0,0,0,0,0,0,0,0,0,0,0,0,0,0,0,0,0,0,0,0,0,0,0,0,0,0,1,0,0,0,0,0,1,0,0,0,0,0,0
01-Dec-2011 18:54:00,01-Dec-2011 18:54:59,idle,0.7875,0,0,0,0,0,1,0,0,0,0,0,0,0,0,0,0,0,0,0,0,0,0,0,0,0,0,0,0,0,0,0,1,0,0,0,0,0,1,0,0,0,0,0,0
01-Dec-2011 19:10:00,01-Dec-2011 19:10:59,watchTV,0.7986111111111112,0,0,0,0,0,0,0,0,0,0,1,0,0,0,0,0,0,0,0,0,0,0,0,0,0,0,0,0,0,0,0,1,0,0,0,0,0,1,1,0,0,0,0,0
01-Dec-2011 19:27:00,01-Dec-2011 19:27:59,idle,0.8104166666666667,0,0,0,0,0,0,0,0,0,0,0,0,0,0,0,0,0,0,0,0,0,0,0,0,0,0,0,0,0,0,0,1,0,0,0,0,0,1,1,0,0,0,0,0
01-Dec-2011 19:28:00,01-Dec-2011 19:28:59,idle,0.8111111111111111,0,0,0,1,0,0,0,0,0,0,0,0,0,0,0,0,0,0,0,0,0,0,0,0,0,0,0,0,0,0,0,1,0,0,0,0,0,1,0,0,0,0,0,0
01-Dec-2011 19:29:00,01-Dec-2011 19:29:59,idle,0.8118055555555556,0,0,0,1,0,0,0,0,0,0,1,0,0,0,0,0,0,0,0,0,0,0,0,0,0,0,0,0,0,0,0,1,0,0,0,0,0,1,0,0,0,0,0,0
01-Dec-2011 23:52:00,01-Dec-2011 23:52:59,watchTV,0.9944444444444444,0,0,0,0,0,0,0,0,0,0,1,0,0,0,0,0,0,0,0,0,0,0,0,0,0,0,0,0,0,0,0,0,0,0,0,0,1,1,1,1,1,1,1,0
01-Dec-2011 23:53:00,01-Dec-2011 23:53:59,grooming,0.9951388888888888,0,0,1,0,0,0,0,0,0,0,0,0,0,0,0,0,0,0,0,0,0,0,0,0,0,0,0,0,0,0,0,0,0,0,0,0,1,1,0,0,0,0,0,0
02-Dec-2011 01:17:00,02-Dec-2011 01:17:59,watchTV,0.05347222222222222,0,0,0,0,0,0,0,0,0,0,1,0,0,1,0,0,0,0,0,0,0,0,0,0,0,0,0,0,0,0,0,0,0,0,0,0,0,1,1,1,1,0,0,0
02-Dec-2011 01:18:00,02-Dec-2011 01:18:59,grooming,0.05416666666666667,0,0,1,0,0,0,0,0,0,0,1,0,0,1,0,0,0,0,0,0,0,0,0,0,0,0,0,0,0,0,0,0,0,0,0,0,0,1,0,0,0,0,0,0
02-Dec-2011 02:08:00,02-Dec-2011 02:08:59,watchTV,0.08888888888888889,0,0,0,0,0,0,0,0,0,0,1,0,0,0,1,0,0,0,0,0,0,0,0,0,0,0,0,0,0,0,0,0,0,0,0,0,0,1,1,1,0,0,0,0
02-Dec-2011 02:13:00,02-Dec-2011 02:13:59,grooming,0.09236111111111113,0,0,1,0,0,0,0,0,0,0,0,0,0,0,1,0,0,0,0,0,0,0,0,0,0,0,0,0,0,0,0,0,0,0,0,0,0,1,0,0,0,0,0,0
02-Dec-2011 02:14:00,02-Dec-2011 02:14:59,idle,0.09305555555555556,0,0,0,0,0,0,0,0,0,0,0,0,0,0,1,0,0,0,0,0,0,0,0,0,0,0,0,0,0,0,0,0,0,0,0,0,0,1,0,0,0,0,0,0
02-Dec-2011 12:15:00,02-Dec-2011 12:15:59,goToBed,0.5104166666666666,1,0,0,0,0,0,0,0,0,0,0,0,0,0,0,0,0,0,0,0,0,0,0,0,1,0,0,0,0,0,0,0,0,0,0,0,0,1,1,1,1,1,1,0
02-Dec-2011 12:19:00,02-Dec-2011 12:19:59,useToilet,0.5131944444444444,0,0,0,0,0,0,0,0,0,0,0,0,0,0,0,0,0,0,0,0,0,0,0,0,1,0,0,0,0,0,0,0,0,0,0,0,0,1,0,0,0,0,0,0
02-Dec-2011 12:20:00,02-Dec-2011 12:20:59,useToilet,0.5138888888888888,0,0,1,1,0,0,0,0,0,0,0,0,0,0,0,0,0,0,0,0,0,0,0,0,1,0,0,0,0,0,0,0,0,0,0,0,0,1,0,0,0,0,0,0
02-Dec-2011 12:21:00,02-Dec-2011 12:21:59,takeShower,0.5145833333333333,0,1,0,1,1,0,0,0,0,0,0,0,0,0,0,0,0,0,0,0,0,0,0,0,1,0,0,0,0,0,0,0,0,0,0,0,0,1,0,0,0,0,0,0
02-Dec-2011 12:25:00,02-Dec-2011 12:25:59,takeShower,0.5173611111111112,0,0,0,0,1,0,0,0,0,0,0,0,0,0,0,0,0,0,0,0,0,0,0,0,1,0,0,0,0,0,0,0,0,0,0,0,0,1,0,0,0,0,0,0
02-Dec-2011 12:26:00,02-Dec-2011 12:26:59,idle,0.5180555555555556,0,0,0,0,0,0,0,0,0,0,0,0,0,0,0,0,0,0,0,0,0,0,0,0,1,0,0,0,0,0,0,0,0,0,0,0,0,1,0,0,0,0,0,0
02-Dec-2011 12:27:00,02-Dec-2011 12:27:59,idle,0.51875,0,0,0,0,0,0,1,0,0,0,0,0,0,0,0,0,0,0,0,0,0,0,0,0,1,0,0,0,0,0,0,0,0,0,0,0,0,1,0,0,0,0,0,0
02-Dec-2011 12:28:00,02-Dec-2011 12:28:59,idle,0.5194444444444445,0,0,0,0,0,1,1,0,0,0,0,0,0,0,0,0,0,0,0,0,0,0,0,0,1,0,0,0,0,0,0,0,0,0,0,0,0,1,0,0,0,0,0,0
02-Dec-2011 12:29:00,02-Dec-2011 12:29:59,idle,0.5201388888888889,0,0,0,0,0,1,0,1,0,1,0,0,0,0,0,0,0,0,0,0,0,0,0,0,1,0,0,0,0,0,0,0,0,0,0,0,0,1,0,0,0,0,0,0
02-Dec-2011 12:31:00,02-Dec-2011 12:31:59,idle,0.5215277777777778,0,0,0,0,0,0,0,1,0,1,0,0,0,0,0,0,0,0,0,0,0,0,0,0,0,1,0,0,0,0,0,0,0,0,0,0,0,1,0,0,0,0,0,0
02-Dec-2011 12:36:00,02-Dec-2011 12:36:59,idle,0.525,0,0,0,0,0,0,0,0,0,0,0,0,0,0,0,0,0,0,0,0,0,0,0,0,0,1,0,0,0,0,0,0,0,0,0,0,0,1,0,0,0,0,0,0
02-Dec-2011 14:45:00,02-Dec-2011 14:45:59,watchTV,0.6145833333333334,0,0,0,0,0,0,0,0,0,0,1,0,0,0,0,0,0,0,0,0,0,0,0,0,0,0,0,1,0,0,0,0,0,0,0,0,0,1,1,1,1,1,0,0
02-Dec-2011 14:46:00,02-Dec-2011 14:46:59,watchTV,0.6152777777777778,0,0,0,0,0,1,0,0,0,0,1,0,0,0,0,0,0,0,0,0,0,0,0,0,0,0,0,1,0,0,0,0,0,0,0,0,0,1,0,0,0,0,0,0
02-Dec-2011 14:47:00,02-Dec-2011 14:47:59,prepareLunch,0.6159722222222223,0,0,0,0,0,1,0,0,1,1,0,0,0,0,0,0,0,0,0,0,0,0,0,0,0,0,0,1,0,0,0,0,0,0,0,0,0,1,0,0,0,0,0,0
02-Dec-2011 14:50:00,02-Dec-2011 14:50:59,prepareLunch,0.6180555555555556,0,0,0,0,0,0,0,0,1,1,0,0,0,0,0,0,0,0,0,0,0,0,0,0,0,0,0,1,0,0,0,0,0,0,0,0,0,1,0,0,0,0,0,0
02-Dec-2011 14:55:00,02-Dec-2011 14:55:59,prepareLunch,0.6215277777777778,0,0,0,0,0,0,0,0,1,0,0,0,0,0,0,0,0,0,0,0,0,0,0,0,0,0,0,1,0,0,0,0,0,0,0,0,0,1,0,0,0,0,0,0
02-Dec-2011 14:56:00,02-Dec-2011 14:56:59,prepareLunch,0.6222222222222222,0,0,0,0,0,1,0,0,1,0,0,0,0,0,0,0,0,0,0,0,0,0,0,0,0,0,0,1,0,0,0,0,0,0,0,0,0,1,0,0,0,0,0,0
02-Dec-2011 14:58:00,02-Dec-2011 14:58:59,prepareLunch,0.6236111111111111,0,0,0,0,0,0,0,0,1,0,0,0,0,0,0,0,0,0,0,0,0,0,0,0,0,0,0,1,0,0,0,0,0,0,0,0,0,1,0,0,0,0,0,0
02-Dec-2011 14:59:00,02-Dec-2011 14:59:59,prepareLunch,0.6243055555555556,0,0,0,0,0,1,0,0,1,0,0,0,0,0,0,0,0,0,0,0,0,0,0,0,0,0,0,1,0,0,0,0,0,0,0,0,0,1,0,0,0,0,0,0
02-Dec-2011 15:05:00,02-Dec-2011 15:05:59,prepareLunch,0.6284722222222222,0,0,0,0,0,0,0,0,1,0,0,0,0,0,0,0,0,0,0,0,0,0,0,0,0,0,0,1,0,0,0,0,0,0,0,0,0,1,1,0,0,0,0,0
02-Dec-2011 15:23:00,02-Dec-2011 15:23:59,idle,0.6409722222222223,0,0,0,0,0,0,0,0,0,0,0,0,0,0,0,0,0,0,0,0,0,0,0,0,0,0,0,1,0,0,0,0,0,0,0,0,0,1,1,0,0,0,0,0
02-Dec-2011 15:55:00,02-Dec-2011 15:55:59,watchTV,0.6631944444444444,0,0,0,0,0,0,0,0,0,0,1,0,0,0,0,0,0,0,0,0,0,0,0,0,0,0,0,0,1,0,0,0,0,0,0,0,0,1,1,1,0,0,0,0
02-Dec-2011 15:56:00,02-Dec-2011 15:56:59,grooming,0.6638888888888889,0,0,1,0,0,0,0,0,0,0,0,0,0,0,0,0,0,0,0,0,0,0,0,0,0,0,0,0,1,0,0,0,0,0,0,0,0,1,0,0,0,0,0,0
02-Dec-2011 15:57:00,02-Dec-2011 15:57:59,grooming,0.6645833333333333,0,0,1,0,0,0,0,0,0,0,1,0,0,0,0,0,0,0,0,0,0,0,0,0,0,0,0,0,1,0,0,0,0,0,0,0,0,1,0,0,0,0,0,0
02-Dec-2011 16:36:00,02-Dec-2011 16:36:59,watchTV,0.6916666666666667,0,0,0,0,0,0,0,0,0,0,1,0,0,0,0,0,0,0,0,0,0,0,0,0,0,0,0,0,0,1,0,0,0,0,0,0,0,1,1,1,0,0,0,0
02-Dec-2011 16:46:00,02-Dec-2011 16:46:59,useToilet,0.6986111111111111,0,0,0,0,0,0,0,0,0,0,0,0,0,0,0,0,0,0,0,0,0,0,0,0,0,0,0,0,0,1,0,0,0,0,0,0,0,1,1,0,0,0,0,0
02-Dec-2011 16:47:00,02-Dec-2011 16:47:59,useToilet,0.6993055555555555,0,0,0,1,0,0,0,0,0,0,1,0,0,0,0,0,0,0,0,0,0,0,0,0,0,0,0,0,0,1,0,0,0,0,0,0,0,1,0,0,0,0,0,0
02-Dec-2011 19:39:00,02-Dec-2011 19:39:59,watchTV,0.81875,0,0,0,0,0,0,0,0,0,0,1,0,0,0,0,0,0,0,0,0,0,0,0,0,0,0,0,0,0,0,0,0,1,0,0,0,0,1,1,1,1,1,1,0
02-Dec-2011 19:40:00,02-Dec-2011 19:40:59,getSnack,0.8194444444444444,0,0,0,0,0,1,0,0,0,0,0,0,0,0,0,0,0,0,0,0,0,0,0,0,0,0,0,0,0,0,0,0,1,0,0,0,0,1,0,0,0,0,0,0
02-Dec-2011 21:26:00,02-Dec-2011 21:26:59,watchTV,0.8930555555555556,0,0,0,0,0,0,0,0,0,0,1,0,0,0,0,0,0,0,0,0,0,0,0,0,0,0,0,0,0,0,0,0,0,1,0,0,0,1,1,1,1,0,0,0
02-Dec-2011 21:43:00,02-Dec-2011 21:43:59,useToilet,0.9048611111111112,0,0,0,0,0,0,0,0,0,0,0,0,0,0,0,0,0,0,0,0,0,0,0,0,0,0,0,0,0,0,0,0,0,0,1,0,0,1,1,0,0,0,0,0
02-Dec-2011 21:45:00,02-Dec-2011 21:45:59,idle,0.90625,0,0,0,1,0,0,0,0,0,0,0,0,0,0,0,0,0,0,0,0,0,0,0,0,0,0,0,0,0,0,0,0,0,0,1,0,0,1,0,0,0,0,0,0
03-Dec-2011 01:41:00,03-Dec-2011 01:41:59,watchTV,0.07013888888888889,0,0,0,0,0,0,0,0,0,0,1,0,0,0,1,0,0,0,0,0,0,0,0,0,0,0,0,0,0,0,0,0,0,0,0,0,0,1,1,1,1,1,1,0
03-Dec-2011 01:46:00,03-Dec-2011 01:46:59,idle,0.07361111111111111,0,0,0,0,0,0,0,0,0,0,0,0,0,0,1,0,0,0,0,0,0,0,0,0,0,0,0,0,0,0,0,0,0,0,0,0,0,1,0,0,0,0,0,0
03-Dec-2011 11:56:00,03-Dec-2011 11:56:59,goToBed,0.4972222222222222,1,0,0,0,0,0,0,0,0,0,0,0,0,0,0,0,0,0,0,0,0,0,0,0,1,0,0,0,0,0,0,0,0,0,0,0,0,1,1,1,1,1,1,0
03-Dec-2011 11:58:00,03-Dec-2011 11:58:59,useToilet,0.4986111111111111,0,0,0,0,0,0,0,0,0,0,0,0,0,0,0,0,0,0,0,0,0,0,0,0,1,0,0,0,0,0,0,0,0,0,0,0,0,1,0,0,0,0,0,0
03-Dec-2011 11:59:00,03-Dec-2011 11:59:59,useToilet,0.4993055555555556,0,1,1,1,0,0,0,0,0,0,0,0,0,0,0,0,0,0,0,0,0,0,0,0,1,0,0,0,0,0,0,0,0,0,0,0,0,1,0,0,0,0,0,0
03-Dec-2011 12:01:00,03-Dec-2011 12:01:59,grooming,0.5006944444444444,0,0,1,0,0,0,0,0,0,0,0,0,0,0,0,0,0,0,0,0,0,0,0,0,1,0,0,0,0,0,0,0,0,0,0,0,0,1,0,0,0,0,0,0
03-Dec-2011 12:02:00,03-Dec-2011 12:02:59,idle,0.5013888888888889,0,0,0,0,0,0,0,0,0,0,0,0,0,0,0,0,0,0,0,0,0,0,0,0,1,0,0,0,0,0,0,0,0,0,0,0,0,1,0,0,0,0,0,0
03-Dec-2011 12:06:00,03-Dec-2011 12:06:59,takeShower,0.5041666666666667,0,0,0,0,1,0,0,0,0,0,0,0,0,0,0,0,0,0,0,0,0,0,0,0,1,0,0,0,0,0,0,0,0,0,0,0,0,1,0,0,0,0,0,0
03-Dec-2011 12:07:00,03-Dec-2011 12:07:59,takeShower,0.5048611111111111,0,0,0,0,0,0,0,0,0,0,0,0,0,0,0,0,0,0,0,0,0,0,0,0,1,0,0,0,0,0,0,0,0,0,0,0,0,1,0,0,0,0,0,0
03-Dec-2011 12:08:00,03-Dec-2011 12:08:59,idle,0.5055555555555555,0,0,1,0,0,0,0,0,0,0,0,0,0,0,0,0,0,0,0,0,0,0,0,0,1,0,0,0,0,0,0,0,0,0,0,0,0,1,0,0,0,0,0,0
03-Dec-2011 12:09:00,03-Dec-2011 12:09:59,idle,0.50625,0,0,0,0,0,0,0,0,0,0,0,0,0,0,0,0,0,0,0,0,0,0,0,0,1,0,0,0,0,0,0,0,0,0,0,0,0,1,0,0,0,0,0,0
03-Dec-2011 12:10:00,03-Dec-2011 12:10:59,prepareBreakfast,0.5069444444444444,0,0,0,0,0,1,1,1,0,0,0,0,0,0,0,0,0,0,0,0,0,0,0,0,1,0,0,0,0,0,0,0,0,0,0,0,0,1,0,0,0,0,0,0
03-Dec-2011 12:11:00,03-Dec-2011 12:11:59,prepareBreakfast,0.5076388888888889,0,0,0,0,0,1,0,1,0,1,0,0,0,0,0,0,0,0,0,0,0,0,0,0,1,0,0,0,0,0,0,0,0,0,0,0,0,1,0,0,0,0,0,0
03-Dec-2011 12:13:00,03-Dec-2011 12:13:59,prepareBreakfast,0.5090277777777777,0,0,0,0,0,0,0,1,0,1,0,0,0,0,0,0,0,0,0,0,0,0,0,0,1,0,0,0,0,0,0,0,0,0,0,0,0,1,0,0,0,0,0,0
03-Dec-2011 12:20:00,03-Dec-2011 12:20:59,idle,0.5138888888888888,0,0,0,0,0,0,0,0,0,0,0,0,0,0,0,0,0,0,0,0,0,0,0,0,1,0,0,0,0,0,0,0,0,0,0,0,0,1,1,0,0,0,0,0
03-Dec-2011 13:28:00,03-Dec-2011 13:28:59,watchTV,0.5611111111111111,0,0,0,0,0,0,0,0,0,0,1,0,0,0,0,0,0,0,0,0,0,0,0,0,0,1,0,0,0,0,0,0,0,0,0,0,0,1,1,1,1,0,0,0
03-Dec-2011 13:29:00,03-Dec-2011 13:29:59,grooming,0.5618055555555556,0,0,1,0,0,0,0,0,0,0,1,0,0,0,0,0,0,0,0,0,0,0,0,0,0,1,0,0,0,0,0,0,0,0,0,0,0,1,0,0,0,0,0,0
03-Dec-2011 14:01:00,03-Dec-2011 14:01:59,watchTV,0.5840277777777778,0,0,0,0,0,0,0,0,0,0,1,0,0,0,0,0,0,0,0,0,0,0,0,0,0,0,1,0,0,0,0,0,0,0,0,0,0,1,1,1,0,0,0,0
03-Dec-2011 14:10:00,03-Dec-2011 14:10:59,idle,0.5902777777777778,0,0,0,0,0,0,0,0,0,0,0,0,0,0,0,0,0,0,0,0,0,0,0,0,0,0,1,0,0,0,0,0,0,0,0,0,0,1,1,0,0,0,0,0
03-Dec-2011 14:14:00,03-Dec-2011 14:14:59,grooming,0.5930555555555556,0,0,1,0,0,0,0,0,0,0,0,0,0,0,0,0,0,0,0,0,0,0,0,0,0,0,1,0,0,0,0,0,0,0,0,0,0,1,0,0,0,0,0,0
03-Dec-2011 14:17:00,03-Dec-2011 14:17:59,idle,0.5951388888888889,0,0,0,0,0,0,0,0,0,0,0,0,0,0,0,0,0,0,0,0,0,0,0,0,0,0,1,0,0,0,0,0,0,0,0,0,0,1,0,0,0,0,0,0
03-Dec-2011 14:18:00,03-Dec-2011 14:18:59,leaveHouse,0.5958333333333333,0,0,0,0,0,0,0,0,0,0,0,1,0,0,0,0,0,0,0,0,0,0,0,0,0,0,1,0,0,0,0,0,0,0,0,0,0,1,0,0,0,0,0,0
03-Dec-2011 17:47:00,03-Dec-2011 17:47:59,leaveHouse,0.7409722222222223,0,0,0,0,0,0,0,0,0,0,0,0,0,0,0,0,0,0,0,0,0,0,0,0,0,0,0,0,0,0,1,0,0,0,0,0,0,1,1,1,1,1,1,0
03-Dec-2011 17:48:00,03-Dec-2011 17:48:59,leaveHouse,0.7416666666666667,0,0,0,0,0,0,0,0,0,0,0,1,0,0,0,0,0,0,0,0,0,0,0,0,0,0,0,0,0,0,1,0,0,0,0,0,0,1,0,0,0,0,0,0
03-Dec-2011 17:49:00,03-Dec-2011 17:49:59,idle,0.7423611111111111,0,0,0,0,0,0,0,0,0,0,0,0,0,0,0,0,0,0,0,0,0,0,0,0,0,0,0,0,0,0,1,0,0,0,0,0,0,1,0,0,0,0,0,0
03-Dec-2011 20:36:00,03-Dec-2011 20:36:59,watchTV,0.8583333333333333,0,0,0,0,0,0,0,0,0,0,1,0,0,0,0,0,0,0,0,0,0,0,0,0,0,0,0,0,0,0,0,0,0,1,0,0,0,1,1,1,1,1,1,0
03-Dec-2011 20:38:00,03-Dec-2011 20:38:59,watchTV,0.8597222222222223,0,0,0,0,0,0,0,0,0,0,1,1,0,0,0,0,0,0,0,0,0,0,0,0,0,0,0,0,0,0,0,0,0,1,0,0,0,1,0,0,0,0,0,0
03-Dec-2011 23:53:00,03-Dec-2011 23:53:59,watchTV,0.9951388888888888,0,0,0,0,0,0,0,0,0,0,1,0,0,0,0,0,0,0,0,0,0,0,0,0,0,0,0,0,0,0,0,0,0,0,0,0,1,1,1,1,1,1,1,0
03-Dec-2011 23:54:00,03-Dec-2011 23:54:59,useToilet,0.9958333333333332,0,0,0,1,0,0,0,0,0,0,0,0,0,0,0,0,0,0,0,0,0,0,0,0,0,0,0,0,0,0,0,0,0,0,0,0,1,1,0,0,0,0,0,0
03-Dec-2011 23:55:00,03-Dec-2011 23:55:59,watchTV,0.9965277777777778,0,0,0,1,0,0,0,0,0,0,1,0,0,0,0,0,0,0,0,0,0,0,0,0,0,0,0,0,0,0,0,0,0,0,0,0,1,1,0,0,0,0,0,0
04-Dec-2011 03:16:00,04-Dec-2011 03:16:59,watchTV,0.1361111111111111,0,0,0,0,0,0,0,0,0,0,1,0,0,0,0,1,0,0,0,0,0,0,0,0,0,0,0,0,0,0,0,0,0,0,0,0,0,1,1,1,1,1,1,0
04-Dec-2011 03:18:00,04-Dec-2011 03:18:59,idle,0.1375,0,0,0,0,0,0,0,0,0,0,0,0,0,0,0,1,0,0,0,0,0,0,0,0,0,0,0,0,0,0,0,0,0,0,0,0,0,1,0,0,0,0,0,0
04-Dec-2011 12:37:00,04-Dec-2011 12:37:59,goToBed,0.5256944444444445,1,0,0,0,0,0,0,0,0,0,0,0,0,0,0,0,0,0,0,0,0,0,0,0,0,1,0,0,0,0,0,0,0,0,0,0,0,1,1,1,1,1,1,0
04-Dec-2011 12:44:00,04-Dec-2011 12:44:59,useToilet,0.5305555555555556,0,0,0,0,0,0,0,0,0,0,0,0,0,0,0,0,0,0,0,0,0,0,0,0,0,1,0,0,0,0,0,0,0,0,0,0,0,1,1,0,0,0,0,0
04-Dec-2011 12:45:00,04-Dec-2011 12:45:59,useToilet,0.53125,0,0,0,1,0,0,0,0,0,0,0,0,0,0,0,0,0,0,0,0,0,0,0,0,0,1,0,0,0,0,0,0,0,0,0,0,0,1,0,0,0,0,0,0
04-Dec-2011 12:46:00,04-Dec-2011 12:46:59,grooming,0.5319444444444444,0,1,1,1,0,0,0,0,0,0,0,0,0,0,0,0,0,0,0,0,0,0,0,0,0,1,0,0,0,0,0,0,0,0,0,0,0,1,0,0,0,0,0,0
04-Dec-2011 12:47:00,04-Dec-2011 12:47:59,grooming,0.5326388888888889,0,0,1,0,0,0,0,0,0,0,0,0,0,0,0,0,0,0,0,0,0,0,0,0,0,1,0,0,0,0,0,0,0,0,0,0,0,1,0,0,0,0,0,0
04-Dec-2011 12:49:00,04-Dec-2011 12:49:59,idle,0.5340277777777778,0,0,0,0,0,0,0,0,0,0,0,0,0,0,0,0,0,0,0,0,0,0,0,0,0,1,0,0,0,0,0,0,0,0,0,0,0,1,0,0,0,0,0,0
04-Dec-2011 12:54:00,04-Dec-2011 12:54:59,takeShower,0.5375,0,0,0,0,1,0,0,0,0,0,0,0,0,0,0,0,0,0,0,0,0,0,0,0,0,1,0,0,0,0,0,0,0,0,0,0,0,1,0,0,0,0,0,0
04-Dec-2011 12:55:00,04-Dec-2011 12:55:59,idle,0.5381944444444444,0,0,0,0,0,0,0,0,0,0,0,0,0,0,0,0,0,0,0,0,0,0,0,0,0,1,0,0,0,0,0,0,0,0,0,0,0,1,0,0,0,0,0,0
04-Dec-2011 12:56:00,04-Dec-2011 12:56:59,prepareBreakfast,0.5388888888888889,0,0,0,0,0,1,1,1,0,1,0,0,0,0,0,0,0,0,0,0,0,0,0,0,0,1,0,0,0,0,0,0,0,0,0,0,0,1,0,0,0,0,0,0
04-Dec-2011 12:58:00,04-Dec-2011 12:58:59,prepareBreakfast,0.5402777777777777,0,0,0,0,0,0,0,1,0,1,0,0,0,0,0,0,0,0,0,0,0,0,0,0,0,1,0,0,0,0,0,0,0,0,0,0,0,1,0,0,0,0,0,0
04-Dec-2011 12:59:00,04-Dec-2011 12:59:59,prepareBreakfast,0.5409722222222222,0,0,0,0,0,0,0,0,0,0,0,0,0,0,0,0,0,0,0,0,0,0,0,0,0,1,0,0,0,0,0,0,0,0,0,0,0,1,0,0,0,0,0,0
04-Dec-2011 13:58:00,04-Dec-2011 13:58:59,watchTV,0.5819444444444445,0,0,0,0,0,0,0,0,0,0,1,0,0,0,0,0,0,0,0,0,0,0,0,0,0,0,1,0,0,0,0,0,0,0,0,0,0,1,1,1,0,0,0,0
04-Dec-2011 14:02:00,04-Dec-2011 14:02:59,useToilet,0.5847222222222223,0,0,0,0,0,0,0,0,0,0,0,0,0,0,0,0,0,0,0,0,0,0,0,0,0,0,1,0,0,0,0,0,0,0,0,0,0,1,0,0,0,0,0,0
04-Dec-2011 14:04:00,04-Dec-2011 14:04:59,idle,0.5861111111111111,0,0,0,1,0,0,0,0,0,0,0,0,0,0,0,0,0,0,0,0,0,0,0,0,0,0,1,0,0,0,0,0,0,0,0,0,0,1,0,0,0,0,0,0
04-Dec-2011 14:10:00,04-Dec-2011 14:10:59,idle,0.5902777777777778,0,0,0,0,0,0,0,0,0,0,0,0,0,0,0,0,0,0,0,0,0,0,0,0,0,0,1,0,0,0,0,0,0,0,0,0,0,1,1,0,0,0,0,0
04-Dec-2011 14:11:00,04-Dec-2011 14:11:59,leaveHouse,0.5909722222222222,0,0,0,0,0,0,0,0,0,0,0,1,0,0,0,0,0,0,0,0,0,0,0,0,0,0,1,0,0,0,0,0,0,0,0,0,0,1,0,0,0,0,0,0
04-Dec-2011 16:29:00,04-Dec-2011 16:29:59,leaveHouse,0.6868055555555556,0,0,0,0,0,0,0,0,0,0,0,0,0,0,0,0,0,0,0,0,0,0,0,0,0,0,0,0,1,0,0,0,0,0,0,0,0,1,1,1,1,1,0,0
04-Dec-2011 16:31:00,04-Dec-2011 16:31:59,leaveHouse,0.6881944444444444,0,0,0,0,0,0,0,0,0,0,0,1,0,0,0,0,0,0,0,0,0,0,0,0,0,0,0,0,0,1,0,0,0,0,0,0,0,1,0,0,0,0,0,0
04-Dec-2011 16:33:00,04-Dec-2011 16:33:59,idle,0.6895833333333333,0,0,0,0,0,0,0,0,0,0,0,0,0,0,0,0,0,0,0,0,0,0,0,0,0,0,0,0,0,1,0,0,0,0,0,0,0,1,0,0,0,0,0,0
04-Dec-2011 17:25:00,04-Dec-2011 17:25:59,watchTV,0.7256944444444444,0,0,0,0,0,0,0,0,0,0,1,0,0,0,0,0,0,0,0,0,0,0,0,0,0,0,0,0,0,1,0,0,0,0,0,0,0,1,1,1,0,0,0,0
04-Dec-2011 17:26:00,04-Dec-2011 17:26:59,idle,0.7263888888888889,0,0,0,0,0,0,0,0,0,0,0,0,0,0,0,0,0,0,0,0,0,0,0,0,0,0,0,0,0,1,0,0,0,0,0,0,0,1,0,0,0,0,0,0
04-Dec-2011 17:27:00,04-Dec-2011 17:27:59,getSnack,0.7270833333333333,0,0,0,0,0,1,0,0,0,0,1,0,0,0,0,0,0,0,0,0,0,0,0,0,0,0,0,0,0,1,0,0,0,0,0,0,0,1,0,0,0,0,0,0
04-Dec-2011 17:43:00,04-Dec-2011 17:43:59,watchTV,0.7381944444444445,0,0,0,0,0,0,0,0,0,0,1,0,0,0,0,0,0,0,0,0,0,0,0,0,0,0,0,0,0,0,1,0,0,0,0,0,0,1,1,0,0,0,0,0
04-Dec-2011 17:44:00,04-Dec-2011 17:44:59,idle,0.7388888888888889,0,0,0,0,0,0,0,0,0,0,0,0,0,0,0,0,0,0,0,0,0,0,0,0,0,0,0,0,0,0,1,0,0,0,0,0,0,1,0,0,0,0,0,0
04-Dec-2011 17:45:00,04-Dec-2011 17:45:59,grooming,0.7395833333333334,0,0,1,0,0,0,0,0,0,0,0,0,0,0,0,0,0,0,0,0,0,0,0,0,0,0,0,0,0,0,1,0,0,0,0,0,0,1,0,0,0,0,0,0
04-Dec-2011 18:07:00,04-Dec-2011 18:07:59,idle,0.7548611111111111,0,0,0,0,0,0,0,0,0,0,0,0,0,0,0,0,0,0,0,0,0,0,0,0,0,0,0,0,0,0,1,0,0,0,0,0,0,1,1,0,0,0,0,0
04-Dec-2011 18:57:00,04-Dec-2011 18:57:59,watchTV,0.7895833333333333,0,0,0,0,0,0,0,0,0,0,1,0,0,0,0,0,0,0,0,0,0,0,0,0,0,0,0,0,0,0,0,1,0,0,0,0,0,1,1,1,0,0,0,0
04-Dec-2011 18:58:00,04-Dec-2011 18:58:59,useToilet,0.7902777777777777,0,0,0,0,0,0,0,0,0,0,0,0,0,0,0,0,0,0,0,0,0,0,0,0,0,0,0,0,0,0,0,1,0,0,0,0,0,1,0,0,0,0,0,0
04-Dec-2011 18:59:00,04-Dec-2011 18:59:59,getSnack,0.7909722222222222,0,0,1,1,0,1,0,0,0,0,0,0,0,0,0,0,0,0,0,0,0,0,0,0,0,0,0,0,0,0,0,1,0,0,0,0,0,1,0,0,0,0,0,0
04-Dec-2011 22:20:00,04-Dec-2011 22:20:59,watchTV,0.9305555555555556,0,0,0,0,0,0,0,0,0,0,1,0,0,0,0,0,0,0,0,0,0,0,0,0,0,0,0,0,0,0,0,0,0,0,1,0,0,1,1,1,1,1,1,0
04-Dec-2011 22:21:00,04-Dec-2011 22:21:59,useToilet,0.93125,0,0,1,1,0,0,0,0,0,0,0,0,0,0,0,0,0,0,0,0,0,0,0,0,0,0,0,0,0,0,0,0,0,0,1,0,0,1,0,0,0,0,0,0
04-Dec-2011 22:22:00,04-Dec-2011 22:22:59,useToilet,0.9319444444444444,0,0,0,1,0,0,0,0,0,0,1,0,0,0,0,0,0,0,0,0,0,0,0,0,0,0,0,0,0,0,0,0,0,0,1,0,0,1,0,0,0,0,0,0
05-Dec-2011 01:28:00,05-Dec-2011 01:28:59,watchTV,0.06111111111111111,0,0,0,0,0,0,0,0,0,0,1,0,0,1,0,0,0,0,0,0,0,0,0,0,0,0,0,0,0,0,0,0,0,0,0,0,0,1,1,1,1,1,1,0
05-Dec-2011 01:30:00,05-Dec-2011 01:30:59,idle,0.0625,0,0,0,0,0,0,0,0,0,0,0,0,0,0,1,0,0,0,0,0,0,0,0,0,0,0,0,0,0,0,0,0,0,0,0,0,0,1,0,0,0,0,0,0
05-Dec-2011 01:31:00,05-Dec-2011 01:31:59,grooming,0.06319444444444444,0,0,1,0,0,0,0,0,0,0,0,0,0,0,1,0,0,0,0,0,0,0,0,0,0,0,0,0,0,0,0,0,0,0,0,0,0,1,0,0,0,0,0,0
05-Dec-2011 01:34:00,05-Dec-2011 01:34:59,idle,0.06527777777777778,0,0,0,0,0,0,0,0,0,0,0,0,0,0,1,0,0,0,0,0,0,0,0,0,0,0,0,0,0,0,0,0,0,0,0,0,0,1,0,0,0,0,0,0
05-Dec-2011 11:48:00,05-Dec-2011 11:48:59,goToBed,0.4916666666666666,1,0,0,0,0,0,0,0,0,0,0,0,0,0,0,0,0,0,0,0,0,0,0,0,1,0,0,0,0,0,0,0,0,0,0,0,0,1,1,1,1,1,1,0
05-Dec-2011 11:52:00,05-Dec-2011 11:52:59,idle,0.4944444444444445,0,0,0,0,0,0,0,0,0,0,0,0,0,0,0,0,0,0,0,0,0,0,0,0,1,0,0,0,0,0,0,0,0,0,0,0,0,1,0,0,0,0,0,0
05-Dec-2011 11:53:00,05-Dec-2011 11:53:59,useToilet,0.4951388888888889,0,0,0,1,0,0,0,0,0,0,0,0,0,0,0,0,0,0,0,0,0,0,0,0,1,0,0,0,0,0,0,0,0,0,0,0,0,1,0,0,0,0,0,0
05-Dec-2011 11:56:00,05-Dec-2011 11:56:59,idle,0.4972222222222222,0,0,0,0,0,0,0,0,0,0,0,0,0,0,0,0,0,0,0,0,0,0,0,0,1,0,0,0,0,0,0,0,0,0,0,0,0,1,0,0,0,0,0,0
05-Dec-2011 11:57:00,05-Dec-2011 11:57:59,grooming,0.4979166666666667,0,0,1,0,0,0,0,0,0,0,0,0,0,0,0,0,0,0,0,0,0,0,0,0,1,0,0,0,0,0,0,0,0,0,0,0,0,1,0,0,0,0,0,0
05-Dec-2011 12:00:00,05-Dec-2011 12:00:59,idle,0.5,0,0,0,0,0,0,0,0,0,0,0,0,0,0,0,0,0,0,0,0,0,0,0,0,1,0,0,0,0,0,0,0,0,0,0,0,0,1,0,0,0,0,0,0
05-Dec-2011 12:08:00,05-Dec-2011 12:08:59,takeShower,0.5055555555555555,0,0,0,0,1,0,0,0,0,0,0,0,0,0,0,0,0,0,0,0,0,0,0,0,1,0,0,0,0,0,0,0,0,0,0,0,0,1,1,0,0,0,0,0
05-Dec-2011 12:09:00,05-Dec-2011 12:09:59,idle,0.50625,0,0,0,0,0,0,0,0,0,0,0,0,0,0,0,0,0,0,0,0,0,0,0,0,1,0,0,0,0,0,0,0,0,0,0,0,0,1,0,0,0,0,0,0
05-Dec-2011 12:13:00,05-Dec-2011 12:13:59,idle,0.5090277777777777,0,0,0,0,0,0,0,0,0,0,1,0,0,0,0,0,0,0,0,0,0,0,0,0,1,0,0,0,0,0,0,0,0,0,0,0,0,1,0,0,0,0,0,0
05-Dec-2011 12:14:00,05-Dec-2011 12:14:59,prepareBreakfast,0.5097222222222222,0,0,0,0,0,1,1,0,0,0,1,0,0,0,0,0,0,0,0,0,0,0,0,0,1,0,0,0,0,0,0,0,0,0,0,0,0,1,0,0,0,0,0,0
05-Dec-2011 12:16:00,05-Dec-2011 12:16:59,prepareBreakfast,0.5111111111111111,0,0,0,0,0,1,0,1,0,1,0,0,0,0,0,0,0,0,0,0,0,0,0,0,1,0,0,0,0,0,0,0,0,0,0,0,0,1,0,0,0,0,0,0
05-Dec-2011 12:17:00,05-Dec-2011 12:17:59,prepareBreakfast,0.5118055555555555,0,0,0,0,0,0,0,1,0,1,0,0,0,0,0,0,0,0,0,0,0,0,0,0,1,0,0,0,0,0,0,0,0,0,0,0,0,1,0,0,0,0,0,0
05-Dec-2011 12:25:00,05-Dec-2011 12:25:59,idle,0.5173611111111112,0,0,0,0,0,0,0,0,0,0,0,0,0,0,0,0,0,0,0,0,0,0,0,0,1,0,0,0,0,0,0,0,0,0,0,0,0,1,1,0,0,0,0,0
05-Dec-2011 14:26:00,05-Dec-2011 14:26:59,watchTV,0.6013888888888889,0,0,0,0,0,0,0,0,0,0,1,0,0,0,0,0,0,0,0,0,0,0,0,0,0,0,1,0,0,0,0,0,0,0,0,0,0,1,1,1,1,1,0,0
05-Dec-2011 14:27:00,05-Dec-2011 14:27:59,idle,0.6020833333333333,0,0,0,0,0,0,0,0,0,0,0,0,0,0,0,0,0,0,0,0,0,0,0,0,0,0,1,0,0,0,0,0,0,0,0,0,0,1,0,0,0,0,0,0
05-Dec-2011 14:28:00,05-Dec-2011 14:28:59,grooming,0.6027777777777777,0,0,1,0,0,0,0,0,0,0,0,0,0,0,0,0,0,0,0,0,0,0,0,0,0,0,1,0,0,0,0,0,0,0,0,0,0,1,0,0,0,0,0,0
05-Dec-2011 14:37:00,05-Dec-2011 14:37:59,idle,0.6090277777777777,0,0,0,0,0,0,0,0,0,0,0,0,0,0,0,0,0,0,0,0,0,0,0,0,0,0,0,1,0,0,0,0,0,0,0,0,0,1,1,0,0,0,0,0
05-Dec-2011 14:38:00,05-Dec-2011 14:38:59,leaveHouse,0.6097222222222223,0,0,0,0,0,0,0,0,0,0,0,1,0,0,0,0,0,0,0,0,0,0,0,0,0,0,0,1,0,0,0,0,0,0,0,0,0,1,0,0,0,0,0,0
05-Dec-2011 14:54:00,05-Dec-2011 14:54:59,leaveHouse,0.6208333333333333,0,0,0,0,0,0,0,0,0,0,0,0,0,0,0,0,0,0,0,0,0,0,0,0,0,0,0,1,0,0,0,0,0,0,0,0,0,1,1,0,0,0,0,0
05-Dec-2011 14:55:00,05-Dec-2011 14:55:59,leaveHouse,0.6215277777777778,0,0,0,0,0,0,0,0,0,0,0,1,0,0,0,0,0,0,0,0,0,0,0,0,0,0,0,1,0,0,0,0,0,0,0,0,0,1,0,0,0,0,0,0
05-Dec-2011 14:56:00,05-Dec-2011 14:56:59,idle,0.6222222222222222,0,0,0,0,0,0,0,0,0,0,0,0,0,0,0,0,0,0,0,0,0,0,0,0,0,0,0,1,0,0,0,0,0,0,0,0,0,1,0,0,0,0,0,0
05-Dec-2011 14:59:00,05-Dec-2011 14:59:59,prepareLunch,0.6243055555555556,0,0,0,0,0,1,0,0,0,0,0,0,0,0,0,0,0,0,0,0,0,0,0,0,0,0,0,1,0,0,0,0,0,0,0,0,0,1,0,0,0,0,0,0
05-Dec-2011 15:00:00,05-Dec-2011 15:00:59,prepareLunch,0.625,0,0,0,0,0,1,1,0,1,1,0,0,0,0,0,0,0,0,0,0,0,0,0,0,0,0,0,1,0,0,0,0,0,0,0,0,0,1,0,0,0,0,0,0
05-Dec-2011 15:10:00,05-Dec-2011 15:10:59,prepareLunch,0.6319444444444444,0,0,0,0,0,0,0,0,1,1,0,0,0,0,0,0,0,0,0,0,0,0,0,0,0,0,0,1,0,0,0,0,0,0,0,0,0,1,1,0,0,0,0,0
05-Dec-2011 15:11:00,05-Dec-2011 15:11:59,prepareLunch,0.6326388888888889,0,0,0,0,0,1,0,0,1,1,0,0,0,0,0,0,0,0,0,0,0,0,0,0,0,0,0,1,0,0,0,0,0,0,0,0,0,1,0,0,0,0,0,0
05-Dec-2011 15:13:00,05-Dec-2011 15:13:59,prepareLunch,0.6340277777777777,0,0,0,0,0,0,0,0,1,1,0,0,0,0,0,0,0,0,0,0,0,0,0,0,0,0,0,1,0,0,0,0,0,0,0,0,0,1,0,0,0,0,0,0
05-Dec-2011 15:14:00,05-Dec-2011 15:14:59,prepareLunch,0.6347222222222222,0,0,0,0,0,0,0,0,1,0,0,0,0,0,0,0,0,0,0,0,0,0,0,0,0,0,0,1,0,0,0,0,0,0,0,0,0,1,0,0,0,0,0,0
05-Dec-2011 15:15:00,05-Dec-2011 15:15:59,prepareLunch,0.6354166666666666,0,0,0,0,0,1,0,0,1,0,0,0,0,0,0,0,0,0,0,0,0,0,0,0,0,0,0,1,0,0,0,0,0,0,0,0,0,1,0,0,0,0,0,0
05-Dec-2011 15:17:00,05-Dec-2011 15:17:59,prepareLunch,0.6368055555555555,0,0,0,0,0,0,0,0,1,0,0,0,0,0,0,0,0,0,0,0,0,0,0,0,0,0,0,1,0,0,0,0,0,0,0,0,0,1,0,0,0,0,0,0
05-Dec-2011 15:18:00,05-Dec-2011 15:18:59,prepareLunch,0.6375,0,0,0,0,0,1,0,0,1,0,0,0,0,0,0,0,0,0,0,0,0,0,0,0,0,0,0,1,0,0,0,0,0,0,0,0,0,1,0,0,0,0,0,0
05-Dec-2011 15:21:00,05-Dec-2011 15:21:59,prepareLunch,0.6395833333333333,0,0,0,0,0,0,0,0,1,0,0,0,0,0,0,0,0,0,0,0,0,0,0,0,0,0,0,1,0,0,0,0,0,0,0,0,0,1,0,0,0,0,0,0
05-Dec-2011 15:32:00,05-Dec-2011 15:32:59,prepareLunch,0.6472222222222223,0,0,0,0,0,0,0,0,0,0,0,0,0,0,0,0,0,0,0,0,0,0,0,0,0,0,0,0,1,0,0,0,0,0,0,0,0,1,1,0,0,0,0,0
05-Dec-2011 15:33:00,05-Dec-2011 15:33:59,prepareLunch,0.6479166666666667,0,0,0,0,0,1,1,0,0,0,0,0,0,0,0,0,0,0,0,0,0,0,0,0,0,0,0,0,1,0,0,0,0,0,0,0,0,1,0,0,0,0,0,0
05-Dec-2011 15:41:00,05-Dec-2011 15:41:59,idle,0.6534722222222222,0,0,0,0,0,0,0,0,0,0,0,0,0,0,0,0,0,0,0,0,0,0,0,0,0,0,0,0,1,0,0,0,0,0,0,0,0,1,1,0,0,0,0,0
05-Dec-2011 15:43:00,05-Dec-2011 15:43:59,grooming,0.6548611111111111,0,0,1,0,0,0,0,0,0,0,0,0,0,0,0,0,0,0,0,0,0,0,0,0,0,0,0,0,1,0,0,0,0,0,0,0,0,1,0,0,0,0,0,0
05-Dec-2011 15:44:00,05-Dec-2011 15:44:59,useToilet,0.6555555555555556,0,0,1,1,0,0,0,0,0,0,1,0,0,0,0,0,0,0,0,0,0,0,0,0,0,0,0,0,1,0,0,0,0,0,0,0,0,1,0,0,0,0,0,0
05-Dec-2011 15:45:00,05-Dec-2011 15:45:59,watchTV,0.65625,0,0,0,1,0,0,0,0,0,0,1,0,0,0,0,0,0,0,0,0,0,0,0,0,0,0,0,0,1,0,0,0,0,0,0,0,0,1,0,0,0,0,0,0
05-Dec-2011 16:02:00,05-Dec-2011 16:02:59,watchTV,0.6680555555555555,0,0,0,0,0,0,0,0,0,0,1,0,0,0,0,0,0,0,0,0,0,0,0,0,0,0,0,0,1,0,0,0,0,0,0,0,0,1,1,0,0,0,0,0
05-Dec-2011 16:35:00,05-Dec-2011 16:35:59,useToilet,0.6909722222222222,0,0,0,0,0,0,0,0,0,0,0,0,0,0,0,0,0,0,0,0,0,0,0,0,0,0,0,0,0,1,0,0,0,0,0,0,0,1,1,1,0,0,0,0
05-Dec-2011 16:36:00,05-Dec-2011 16:36:59,useToilet,0.6916666666666667,0,0,0,1,0,0,0,0,0,0,0,0,0,0,0,0,0,0,0,0,0,0,0,0,0,0,0,0,0,1,0,0,0,0,0,0,0,1,0,0,0,0,0,0
05-Dec-2011 16:37:00,05-Dec-2011 16:37:59,watchTV,0.6923611111111111,0,0,0,1,0,0,0,0,0,0,1,0,0,0,0,0,0,0,0,0,0,0,0,0,0,0,0,0,0,1,0,0,0,0,0,0,0,1,0,0,0,0,0,0
05-Dec-2011 17:14:00,05-Dec-2011 17:14:59,watchTV,0.7180555555555556,0,0,0,0,0,0,0,0,0,0,1,0,0,0,0,0,0,0,0,0,0,0,0,0,0,0,0,0,0,1,0,0,0,0,0,0,0,1,1,1,0,0,0,0
05-Dec-2011 17:16:00,05-Dec-2011 17:16:59,idle,0.7194444444444444,0,0,0,0,0,0,0,0,0,0,0,0,0,0,0,0,0,0,0,0,0,0,0,0,0,0,0,0,0,1,0,0,0,0,0,0,0,1,0,0,0,0,0,0
05-Dec-2011 17:17:00,05-Dec-2011 17:17:59,leaveHouse,0.7201388888888889,0,0,0,0,0,0,0,0,0,0,0,1,0,0,0,0,0,0,0,0,0,0,0,0,0,0,0,0,0,1,0,0,0,0,0,0,0,1,0,0,0,0,0,0
05-Dec-2011 18:56:00,05-Dec-2011 18:56:59,leaveHouse,0.7888888888888889,0,0,0,0,0,0,0,0,0,0,0,0,0,0,0,0,0,0,0,0,0,0,0,0,0,0,0,0,0,0,0,1,0,0,0,0,0,1,1,1,1,0,0,0
05-Dec-2011 18:57:00,05-Dec-2011 18:57:59,leaveHouse,0.7895833333333333,0,0,0,0,0,0,0,0,0,0,0,1,0,0,0,0,0,0,0,0,0,0,0,0,0,0,0,0,0,0,0,1,0,0,0,0,0,1,0,0,0,0,0,0
05-Dec-2011 19:00:00,05-Dec-2011 19:00:59,idle,0.7916666666666666,0,0,0,0,0,0,0,0,0,0,0,0,0,0,0,0,0,0,0,0,0,0,0,0,0,0,0,0,0,0,0,1,0,0,0,0,0,1,0,0,0,0,0,0
05-Dec-2011 19:23:00,05-Dec-2011 19:23:59,watchTV,0.8076388888888889,0,0,0,0,0,0,0,0,0,0,1,0,0,0,0,0,0,0,0,0,0,0,0,0,0,0,0,0,0,0,0,1,0,0,0,0,0,1,1,0,0,0,0,0
05-Dec-2011 19:24:00,05-Dec-2011 19:24:59,getSnack,0.8083333333333333,0,0,0,0,0,1,0,0,0,0,1,0,0,0,0,0,0,0,0,0,0,0,0,0,0,0,0,0,0,0,0,1,0,0,0,0,0,1,0,0,0,0,0,0
05-Dec-2011 20:06:00,05-Dec-2011 20:06:59,watchTV,0.8375,0,0,0,0,0,0,0,0,0,0,1,0,0,0,0,0,0,0,0,0,0,0,0,0,0,0,0,0,0,0,0,0,1,0,0,0,0,1,1,1,0,0,0,0
05-Dec-2011 20:07:00,05-Dec-2011 20:07:59,grooming,0.8381944444444445,0,0,1,0,0,0,0,0,0,0,1,0,0,0,0,0,0,0,0,0,0,0,0,0,0,0,0,0,0,0,0,0,1,0,0,0,0,1,0,0,0,0,0,0
05-Dec-2011 20:09:00,05-Dec-2011 20:09:59,watchTV,0.8395833333333333,0,0,0,1,0,0,0,0,0,0,0,0,0,0,0,0,0,0,0,0,0,0,0,0,0,0,0,0,0,0,0,0,1,0,0,0,0,1,0,0,0,0,0,0
05-Dec-2011 20:19:00,05-Dec-2011 20:19:59,watchTV,0.8465277777777778,0,0,0,0,0,0,0,0,0,0,0,0,0,0,0,0,0,0,0,0,0,0,0,0,0,0,0,0,0,0,0,0,1,0,0,0,0,1,1,0,0,0,0,0
05-Dec-2011 21:05:00,05-Dec-2011 21:05:59,watchTV,0.8784722222222222,0,0,0,0,0,0,0,0,0,0,1,0,0,0,0,0,0,0,0,0,0,0,0,0,0,0,0,0,0,0,0,0,0,1,0,0,0,1,1,1,0,0,0,0
05-Dec-2011 21:07:00,05-Dec-2011 21:07:59,grooming,0.8798611111111111,0,0,1,1,0,0,0,0,0,0,1,0,0,0,0,0,0,0,0,0,0,0,0,0,0,0,0,0,0,0,0,0,0,1,0,0,0,1,0,0,0,0,0,0
06-Dec-2011 00:38:00,06-Dec-2011 00:38:59,watchTV,0.026388888888888892,0,0,0,0,0,0,0,0,0,0,1,0,0,1,0,0,0,0,0,0,0,0,0,0,0,0,0,0,0,0,0,0,0,0,0,0,0,1,1,1,1,1,1,0
06-Dec-2011 00:39:00,06-Dec-2011 00:39:59,useToilet,0.02708333333333333,0,0,0,1,0,0,0,0,0,0,0,0,0,1,0,0,0,0,0,0,0,0,0,0,0,0,0,0,0,0,0,0,0,0,0,0,0,1,0,0,0,0,0,0
06-Dec-2011 00:40:00,06-Dec-2011 00:40:59,useToilet,0.027777777777777776,0,0,1,1,0,0,0,0,0,0,0,0,0,1,0,0,0,0,0,0,0,0,0,0,0,0,0,0,0,0,0,0,0,0,0,0,0,1,0,0,0,0,0,0
06-Dec-2011 00:41:00,06-Dec-2011 00:41:59,idle,0.028472222222222218,0,0,0,0,0,0,0,0,0,0,0,0,0,1,0,0,0,0,0,0,0,0,0,0,0,0,0,0,0,0,0,0,0,0,0,0,0,1,0,0,0,0,0,0
06-Dec-2011 10:07:00,06-Dec-2011 10:07:59,goToBed,0.4215277777777778,1,0,0,0,0,0,0,0,0,0,0,0,0,0,0,0,0,0,0,0,0,0,1,0,0,0,0,0,0,0,0,0,0,0,0,0,0,1,1,1,1,1,1,0
06-Dec-2011 11:07:00,06-Dec-2011 11:07:59,idle,0.4631944444444445,0,0,0,0,0,0,0,0,0,0,0,0,0,0,0,0,0,0,0,0,0,0,0,1,0,0,0,0,0,0,0,0,0,0,0,0,0,1,1,1,0,0,0,0
06-Dec-2011 11:08:00,06-Dec-2011 11:08:59,useToilet,0.4638888888888889,0,0,0,1,0,0,0,0,0,0,0,0,0,0,0,0,0,0,0,0,0,0,0,1,0,0,0,0,0,0,0,0,0,0,0,0,0,1,0,0,0,0,0,0
06-Dec-2011 11:09:00,06-Dec-2011 11:09:59,grooming,0.4645833333333334,0,0,1,1,0,0,0,0,0,0,0,0,0,0,0,0,0,0,0,0,0,0,0,1,0,0,0,0,0,0,0,0,0,0,0,0,0,1,0,0,0,0,0,0
06-Dec-2011 11:10:00,06-Dec-2011 11:10:59,grooming,0.4652777777777778,0,1,1,0,0,0,0,0,0,0,0,0,0,0,0,0,0,0,0,0,0,0,0,1,0,0,0,0,0,0,0,0,0,0,0,0,0,1,0,0,0,0,0,0
06-Dec-2011 11:11:00,06-Dec-2011 11:11:59,grooming,0.4659722222222222,0,0,1,0,0,0,0,0,0,0,0,0,0,0,0,0,0,0,0,0,0,0,0,1,0,0,0,0,0,0,0,0,0,0,0,0,0,1,0,0,0,0,0,0
06-Dec-2011 11:25:00,06-Dec-2011 11:25:59,takeShower,0.4756944444444444,0,0,0,0,1,0,0,0,0,0,0,0,0,0,0,0,0,0,0,0,0,0,0,1,0,0,0,0,0,0,0,0,0,0,0,0,0,1,1,0,0,0,0,0
06-Dec-2011 11:29:00,06-Dec-2011 11:29:59,idle,0.4784722222222222,0,0,0,0,0,0,0,0,0,0,0,0,0,0,0,0,0,0,0,0,0,0,0,1,0,0,0,0,0,0,0,0,0,0,0,0,0,1,0,0,0,0,0,0
06-Dec-2011 11:30:00,06-Dec-2011 11:30:59,prepareBreakfast,0.4791666666666667,0,0,0,0,0,1,1,1,0,0,0,0,0,0,0,0,0,0,0,0,0,0,0,0,1,0,0,0,0,0,0,0,0,0,0,0,0,1,0,0,0,0,0,0
06-Dec-2011 11:31:00,06-Dec-2011 11:31:59,prepareBreakfast,0.4798611111111111,0,0,0,0,0,1,0,1,0,1,0,0,0,0,0,0,0,0,0,0,0,0,0,0,1,0,0,0,0,0,0,0,0,0,0,0,0,1,0,0,0,0,0,0
06-Dec-2011 11:32:00,06-Dec-2011 11:32:59,prepareBreakfast,0.4805555555555556,0,0,0,0,0,0,0,1,0,1,0,0,0,0,0,0,0,0,0,0,0,0,0,0,1,0,0,0,0,0,0,0,0,0,0,0,0,1,0,0,0,0,0,0
06-Dec-2011 11:33:00,06-Dec-2011 11:33:59,prepareBreakfast,0.48125,0,0,0,0,0,0,0,1,0,0,0,0,0,0,0,0,0,0,0,0,0,0,0,0,1,0,0,0,0,0,0,0,0,0,0,0,0,1,0,0,0,0,0,0
06-Dec-2011 11:38:00,06-Dec-2011 11:38:59,idle,0.4847222222222222,0,0,0,0,0,0,0,0,0,0,0,0,0,0,0,0,0,0,0,0,0,0,0,0,1,0,0,0,0,0,0,0,0,0,0,0,0,1,0,0,0,0,0,0
06-Dec-2011 14:37:00,06-Dec-2011 14:37:59,watchTV,0.6090277777777777,0,0,0,0,0,0,0,0,0,0,1,0,0,0,0,0,0,0,0,0,0,0,0,0,0,0,0,1,0,0,0,0,0,0,0,0,0,1,1,1,1,1,1,0
06-Dec-2011 14:39:00,06-Dec-2011 14:39:59,idle,0.6104166666666667,0,0,0,0,0,0,0,0,0,0,0,0,0,0,0,0,0,0,0,0,0,0,0,0,0,0,0,1,0,0,0,0,0,0,0,0,0,1,0,0,0,0,0,0
06-Dec-2011 14:40:00,06-Dec-2011 14:40:59,prepareLunch,0.6111111111111112,0,0,0,0,0,0,1,0,0,0,0,0,0,0,0,0,0,0,0,0,0,0,0,0,0,0,0,1,0,0,0,0,0,0,0,0,0,1,0,0,0,0,0,0
06-Dec-2011 14:41:00,06-Dec-2011 14:41:59,prepareLunch,0.6118055555555556,0,0,0,0,0,0,1,0,1,1,0,0,0,0,0,0,0,0,0,0,0,0,0,0,0,0,0,1,0,0,0,0,0,0,0,0,0,1,0,0,0,0,0,0
06-Dec-2011 14:47:00,06-Dec-2011 14:47:59,prepareLunch,0.6159722222222223,0,0,0,0,0,0,0,0,1,1,0,0,0,0,0,0,0,0,0,0,0,0,0,0,0,0,0,1,0,0,0,0,0,0,0,0,0,1,1,0,0,0,0,0
06-Dec-2011 14:48:00,06-Dec-2011 14:48:59,prepareLunch,0.6166666666666667,0,0,0,0,0,1,0,0,1,1,0,0,0,0,0,0,0,0,0,0,0,0,0,0,0,0,0,1,0,0,0,0,0,0,0,0,0,1,0,0,0,0,0,0
06-Dec-2011 14:51:00,06-Dec-2011 14:51:59,prepareLunch,0.61875,0,0,0,0,0,0,0,0,1,1,0,0,0,0,0,0,0,0,0,0,0,0,0,0,0,0,0,1,0,0,0,0,0,0,0,0,0,1,0,0,0,0,0,0
06-Dec-2011 14:52:00,06-Dec-2011 14:52:59,prepareLunch,0.6194444444444445,0,0,0,0,0,1,0,0,1,0,0,0,0,0,0,0,0,0,0,0,0,0,0,0,0,0,0,1,0,0,0,0,0,0,0,0,0,1,0,0,0,0,0,0
06-Dec-2011 14:55:00,06-Dec-2011 14:55:59,prepareLunch,0.6215277777777778,0,0,0,0,0,0,0,0,1,0,0,0,0,0,0,0,0,0,0,0,0,0,0,0,0,0,0,1,0,0,0,0,0,0,0,0,0,1,0,0,0,0,0,0
06-Dec-2011 14:56:00,06-Dec-2011 14:56:59,prepareLunch,0.6222222222222222,0,0,0,0,0,1,0,0,1,0,0,0,0,0,0,0,0,0,0,0,0,0,0,0,0,0,0,1,0,0,0,0,0,0,0,0,0,1,0,0,0,0,0,0
06-Dec-2011 15:00:00,06-Dec-2011 15:00:59,prepareLunch,0.625,0,0,0,0,0,0,0,0,1,0,0,0,0,0,0,0,0,0,0,0,0,0,0,0,0,0,0,1,0,0,0,0,0,0,0,0,0,1,0,0,0,0,0,0
06-Dec-2011 15:16:00,06-Dec-2011 15:16:59,idle,0.6361111111111111,0,0,0,0,0,0,0,0,0,0,0,0,0,0,0,0,0,0,0,0,0,0,0,0,0,0,0,1,0,0,0,0,0,0,0,0,0,1,1,0,0,0,0,0
06-Dec-2011 15:17:00,06-Dec-2011 15:17:59,idle,0.6368055555555555,0,0,0,0,0,0,0,0,0,0,1,0,0,0,0,0,0,0,0,0,0,0,0,0,0,0,0,1,0,0,0,0,0,0,0,0,0,1,0,0,0,0,0,0
06-Dec-2011 15:18:00,06-Dec-2011 15:18:59,grooming,0.6375,0,0,1,0,0,0,0,0,0,0,1,0,0,0,0,0,0,0,0,0,0,0,0,0,0,0,0,1,0,0,0,0,0,0,0,0,0,1,0,0,0,0,0,0
06-Dec-2011 15:20:00,06-Dec-2011 15:20:59,grooming,0.6388888888888888,0,0,1,0,0,0,0,0,0,0,0,0,0,0,0,0,0,0,0,0,0,0,0,0,0,0,0,1,0,0,0,0,0,0,0,0,0,1,0,0,0,0,0,0
06-Dec-2011 17:11:00,06-Dec-2011 17:11:59,watchTV,0.7159722222222222,0,0,0,0,0,0,0,0,0,0,1,0,0,0,0,0,0,0,0,0,0,0,0,0,0,0,0,0,0,1,0,0,0,0,0,0,0,1,1,1,1,0,0,0
06-Dec-2011 17:17:00,06-Dec-2011 17:17:59,useToilet,0.7201388888888889,0,0,0,0,0,0,0,0,0,0,0,0,0,0,0,0,0,0,0,0,0,0,0,0,0,0,0,0,0,1,0,0,0,0,0,0,0,1,1,0,0,0,0,0
06-Dec-2011 17:18:00,06-Dec-2011 17:18:59,useToilet,0.7208333333333333,0,0,0,1,0,0,0,0,0,0,0,0,0,0,0,0,0,0,0,0,0,0,0,0,0,0,0,0,0,1,0,0,0,0,0,0,0,1,0,0,0,0,0,0
06-Dec-2011 17:19:00,06-Dec-2011 17:19:59,useToilet,0.7215277777777778,0,0,1,0,0,0,0,0,0,0,1,0,0,0,0,0,0,0,0,0,0,0,0,0,0,0,0,0,0,1,0,0,0,0,0,0,0,1,0,0,0,0,0,0
06-Dec-2011 18:06:00,06-Dec-2011 18:06:59,watchTV,0.7541666666666667,0,0,0,0,0,0,0,0,0,0,1,0,0,0,0,0,0,0,0,0,0,0,0,0,0,0,0,0,0,0,1,0,0,0,0,0,0,1,1,1,0,0,0,0
06-Dec-2011 18:07:00,06-Dec-2011 18:07:59,grooming,0.7548611111111111,0,0,1,0,0,0,0,0,0,0,1,0,0,0,0,0,0,0,0,0,0,0,0,0,0,0,0,0,0,0,1,0,0,0,0,0,0,1,0,0,0,0,0,0
06-Dec-2011 19:21:00,06-Dec-2011 19:21:59,watchTV,0.80625,0,0,0,0,0,0,0,0,0,0,1,0,0,0,0,0,0,0,0,0,0,0,0,0,0,0,0,0,0,0,0,1,0,0,0,0,0,1,1,1,1,0,0,0
06-Dec-2011 19:22:00,06-Dec-2011 19:22:59,getSnack,0.8069444444444445,0,0,0,0,0,1,0,0,0,0,1,0,0,0,0,0,0,0,0,0,0,0,0,0,0,0,0,0,0,0,0,1,0,0,0,0,0,1,0,0,0,0,0,0
06-Dec-2011 19:24:00,06-Dec-2011 19:24:59,idle,0.8083333333333333,0,0,0,0,0,0,0,0,0,0,0,0,0,0,0,0,0,0,0,0,0,0,0,0,0,0,0,0,0,0,0,1,0,0,0,0,0,1,0,0,0,0,0,0
06-Dec-2011 19:26:00,06-Dec-2011 19:26:59,grooming,0.8097222222222222,0,0,1,0,0,0,0,0,0,0,0,0,0,0,0,0,0,0,0,0,0,0,0,0,0,0,0,0,0,0,0,1,0,0,0,0,0,1,0,0,0,0,0,0
06-Dec-2011 19:39:00,06-Dec-2011 19:39:59,idle,0.81875,0,0,0,0,0,0,0,0,0,0,0,0,0,0,0,0,0,0,0,0,0,0,0,0,0,0,0,0,0,0,0,0,1,0,0,0,0,1,1,0,0,0,0,0
07-Dec-2011 00:06:00,07-Dec-2011 00:06:59,watchTV,0.0041666666666666675,0,0,0,0,0,0,0,0,0,0,1,0,1,0,0,0,0,0,0,0,0,0,0,0,0,0,0,0,0,0,0,0,0,0,0,0,0,1,1,1,1,1,1,0
07-Dec-2011 00:07:00,07-Dec-2011 00:07:59,grooming,0.004861111111111111,0,0,1,0,0,0,0,0,0,0,1,0,1,0,0,0,0,0,0,0,0,0,0,0,0,0,0,0,0,0,0,0,0,0,0,0,0,1,0,0,0,0,0,0
07-Dec-2011 00:54:00,07-Dec-2011 00:54:59,watchTV,0.0375,0,0,0,0,0,0,0,0,0,0,1,0,0,1,0,0,0,0,0,0,0,0,0,0,0,0,0,0,0,0,0,0,0,0,0,0,0,1,1,1,0,0,0,0
07-Dec-2011 00:56:00,07-Dec-2011 00:56:59,idle,0.03888888888888889,0,0,0,0,0,0,0,0,0,0,0,0,0,1,0,0,0,0,0,0,0,0,0,0,0,0,0,0,0,0,0,0,0,0,0,0,0,1,0,0,0,0,0,0
07-Dec-2011 00:57:00,07-Dec-2011 00:57:59,useToilet,0.03958333333333333,0,0,0,1,0,0,0,0,0,0,0,0,0,1,0,0,0,0,0,0,0,0,0,0,0,0,0,0,0,0,0,0,0,0,0,0,0,1,0,0,0,0,0,0
07-Dec-2011 00:58:00,07-Dec-2011 00:58:59,idle,0.04027777777777778,0,0,0,0,0,0,0,0,0,0,0,0,0,1,0,0,0,0,0,0,0,0,0,0,0,0,0,0,0,0,0,0,0,0,0,0,0,1,0,0,0,0,0,0
07-Dec-2011 10:45:00,07-Dec-2011 10:45:59,goToBed,0.4479166666666667,1,0,0,0,0,0,0,0,0,0,0,0,0,0,0,0,0,0,0,0,0,0,0,1,0,0,0,0,0,0,0,0,0,0,0,0,0,1,1,1,1,1,1,0
07-Dec-2011 10:48:00,07-Dec-2011 10:48:59,useToilet,0.45,0,0,0,0,0,0,0,0,0,0,0,0,0,0,0,0,0,0,0,0,0,0,0,1,0,0,0,0,0,0,0,0,0,0,0,0,0,1,0,0,0,0,0,0
07-Dec-2011 10:49:00,07-Dec-2011 10:49:59,useToilet,0.4506944444444445,0,0,0,1,0,0,0,0,0,0,0,0,0,0,0,0,0,0,0,0,0,0,0,1,0,0,0,0,0,0,0,0,0,0,0,0,0,1,0,0,0,0,0,0
07-Dec-2011 10:50:00,07-Dec-2011 10:50:59,grooming,0.4513888888888889,0,1,1,0,0,0,0,0,0,0,0,0,0,0,0,0,0,0,0,0,0,0,0,1,0,0,0,0,0,0,0,0,0,0,0,0,0,1,0,0,0,0,0,0
07-Dec-2011 11:03:00,07-Dec-2011 11:03:59,grooming,0.4604166666666666,0,0,1,0,0,0,0,0,0,0,0,0,0,0,0,0,0,0,0,0,0,0,0,1,0,0,0,0,0,0,0,0,0,0,0,0,0,1,1,0,0,0,0,0
07-Dec-2011 11:04:00,07-Dec-2011 11:04:59,grooming,0.4611111111111112,0,1,1,0,0,0,0,0,0,0,0,0,0,0,0,0,0,0,0,0,0,0,0,1,0,0,0,0,0,0,0,0,0,0,0,0,0,1,0,0,0,0,0,0
07-Dec-2011 11:11:00,07-Dec-2011 11:11:59,takeShower,0.4659722222222222,0,0,0,0,1,0,0,0,0,0,0,0,0,0,0,0,0,0,0,0,0,0,0,1,0,0,0,0,0,0,0,0,0,0,0,0,0,1,1,0,0,0,0,0
07-Dec-2011 11:12:00,07-Dec-2011 11:12:59,prepareBreakfast,0.4666666666666667,0,0,0,0,0,1,1,1,0,0,0,0,0,0,0,0,0,0,0,0,0,0,0,1,0,0,0,0,0,0,0,0,0,0,0,0,0,1,0,0,0,0,0,0
07-Dec-2011 11:13:00,07-Dec-2011 11:13:59,prepareBreakfast,0.4673611111111111,0,0,0,0,0,1,0,1,0,1,0,0,0,0,0,0,0,0,0,0,0,0,0,1,0,0,0,0,0,0,0,0,0,0,0,0,0,1,0,0,0,0,0,0
07-Dec-2011 11:15:00,07-Dec-2011 11:15:59,prepareBreakfast,0.46875,0,0,0,0,0,0,0,1,0,1,0,0,0,0,0,0,0,0,0,0,0,0,0,1,0,0,0,0,0,0,0,0,0,0,0,0,0,1,0,0,0,0,0,0
07-Dec-2011 11:17:00,07-Dec-2011 11:17:59,prepareBreakfast,0.4701388888888889,0,0,0,0,0,0,0,0,0,1,0,0,0,0,0,0,0,0,0,0,0,0,0,1,0,0,0,0,0,0,0,0,0,0,0,0,0,1,0,0,0,0,0,0
07-Dec-2011 11:21:00,07-Dec-2011 11:21:59,idle,0.4729166666666666,0,0,0,0,0,0,0,0,0,0,0,0,0,0,0,0,0,0,0,0,0,0,0,1,0,0,0,0,0,0,0,0,0,0,0,0,0,1,0,0,0,0,0,0
07-Dec-2011 13:56:00,07-Dec-2011 13:56:59,watchTV,0.5805555555555556,0,0,0,0,0,0,0,0,0,0,1,0,0,0,0,0,0,0,0,0,0,0,0,0,0,0,1,0,0,0,0,0,0,0,0,0,0,1,1,1,1,1,1,0
07-Dec-2011 14:02:00,07-Dec-2011 14:02:59,idle,0.5847222222222223,0,0,0,0,0,0,0,0,0,0,0,0,0,0,0,0,0,0,0,0,0,0,0,0,0,0,1,0,0,0,0,0,0,0,0,0,0,1,1,0,0,0,0,0
07-Dec-2011 14:03:00,07-Dec-2011 14:03:59,prepareLunch,0.5854166666666667,0,0,0,0,0,0,1,0,0,0,0,0,0,0,0,0,0,0,0,0,0,0,0,0,0,0,1,0,0,0,0,0,0,0,0,0,0,1,0,0,0,0,0,0
07-Dec-2011 14:12:00,07-Dec-2011 14:12:59,prepareLunch,0.5916666666666667,0,0,0,0,0,0,0,0,1,1,0,0,0,0,0,0,0,0,0,0,0,0,0,0,0,0,1,0,0,0,0,0,0,0,0,0,0,1,1,0,0,0,0,0
07-Dec-2011 14:13:00,07-Dec-2011 14:13:59,prepareLunch,0.5923611111111111,0,0,0,0,0,1,0,0,1,1,0,0,0,0,0,0,0,0,0,0,0,0,0,0,0,0,1,0,0,0,0,0,0,0,0,0,0,1,0,0,0,0,0,0
07-Dec-2011 14:15:00,07-Dec-2011 14:15:59,prepareLunch,0.59375,0,0,0,0,0,1,0,0,1,0,0,0,0,0,0,0,0,0,0,0,0,0,0,0,0,0,1,0,0,0,0,0,0,0,0,0,0,1,0,0,0,0,0,0
07-Dec-2011 14:22:00,07-Dec-2011 14:22:59,prepareLunch,0.5986111111111111,0,0,0,0,0,0,0,0,1,0,0,0,0,0,0,0,0,0,0,0,0,0,0,0,0,0,1,0,0,0,0,0,0,0,0,0,0,1,1,0,0,0,0,0
07-Dec-2011 14:26:00,07-Dec-2011 14:26:59,prepareLunch,0.6013888888888889,0,0,0,0,0,0,0,0,0,0,0,0,0,0,0,0,0,0,0,0,0,0,0,0,0,0,1,0,0,0,0,0,0,0,0,0,0,1,0,0,0,0,0,0
07-Dec-2011 14:27:00,07-Dec-2011 14:27:59,prepareLunch,0.6020833333333333,0,0,0,0,0,1,1,0,0,0,0,0,0,0,0,0,0,0,0,0,0,0,0,0,0,0,1,0,0,0,0,0,0,0,0,0,0,1,0,0,0,0,0,0
07-Dec-2011 14:40:00,07-Dec-2011 14:40:59,idle,0.6111111111111112,0,0,0,0,0,0,0,0,0,0,0,0,0,0,0,0,0,0,0,0,0,0,0,0,0,0,0,1,0,0,0,0,0,0,0,0,0,1,1,0,0,0,0,0
07-Dec-2011 15:28:00,07-Dec-2011 15:28:59,watchTV,0.6444444444444445,0,0,0,0,0,0,0,0,0,0,1,0,0,0,0,0,0,0,0,0,0,0,0,0,0,0,0,1,0,0,0,0,0,0,0,0,0,1,1,1,0,0,0,0
07-Dec-2011 15:30:00,07-Dec-2011 15:30:59,idle,0.6458333333333334,0,0,0,0,0,0,0,0,0,0,0,0,0,0,0,0,0,0,0,0,0,0,0,0,0,0,0,0,1,0,0,0,0,0,0,0,0,1,0,0,0,0,0,0
07-Dec-2011 15:31:00,07-Dec-2011 15:31:59,useToilet,0.6465277777777778,0,0,1,1,0,0,0,0,0,0,0,0,0,0,0,0,0,0,0,0,0,0,0,0,0,0,0,0,1,0,0,0,0,0,0,0,0,1,0,0,0,0,0,0
07-Dec-2011 15:32:00,07-Dec-2011 15:32:59,watchTV,0.6472222222222223,0,0,0,1,0,0,0,0,0,0,1,0,0,0,0,0,0,0,0,0,0,0,0,0,0,0,0,0,1,0,0,0,0,0,0,0,0,1,0,0,0,0,0,0
07-Dec-2011 16:11:00,07-Dec-2011 16:11:59,watchTV,0.6743055555555556,0,0,0,0,0,0,0,0,0,0,1,0,0,0,0,0,0,0,0,0,0,0,0,0,0,0,0,0,1,0,0,0,0,0,0,0,0,1,1,1,0,0,0,0
07-Dec-2011 16:14:00,07-Dec-2011 16:14:59,idle,0.6763888888888889,0,0,0,0,0,0,0,0,0,0,0,0,0,0,0,0,0,0,0,0,0,0,0,0,0,0,0,0,1,0,0,0,0,0,0,0,0,1,0,0,0,0,0,0
07-Dec-2011 16:21:00,07-Dec-2011 16:21:59,grooming,0.68125,0,0,1,0,0,0,0,0,0,0,0,0,0,0,0,0,0,0,0,0,0,0,0,0,0,0,0,0,1,0,0,0,0,0,0,0,0,1,1,0,0,0,0,0
07-Dec-2011 16:24:00,07-Dec-2011 16:24:59,idle,0.6833333333333333,0,0,0,0,0,0,0,0,0,0,0,0,0,0,0,0,0,0,0,0,0,0,0,0,0,0,0,0,1,0,0,0,0,0,0,0,0,1,0,0,0,0,0,0
07-Dec-2011 16:25:00,07-Dec-2011 16:25:59,leaveHouse,0.6840277777777778,0,0,0,0,0,0,0,0,0,0,0,1,0,0,0,0,0,0,0,0,0,0,0,0,0,0,0,0,1,0,0,0,0,0,0,0,0,1,0,0,0,0,0,0
07-Dec-2011 18:11:00,07-Dec-2011 18:11:59,leaveHouse,0.7576388888888889,0,0,0,0,0,0,0,0,0,0,0,0,0,0,0,0,0,0,0,0,0,0,0,0,0,0,0,0,0,0,1,0,0,0,0,0,0,1,1,1,1,0,0,0
07-Dec-2011 18:12:00,07-Dec-2011 18:12:59,leaveHouse,0.7583333333333333,0,0,0,0,0,0,0,0,0,0,0,1,0,0,0,0,0,0,0,0,0,0,0,0,0,0,0,0,0,0,1,0,0,0,0,0,0,1,0,0,0,0,0,0
07-Dec-2011 18:13:00,07-Dec-2011 18:13:59,idle,0.7590277777777777,0,0,0,0,0,0,0,0,0,0,0,0,0,0,0,0,0,0,0,0,0,0,0,0,0,0,0,0,0,0,1,0,0,0,0,0,0,1,0,0,0,0,0,0
07-Dec-2011 18:14:00,07-Dec-2011 18:14:59,grooming,0.7597222222222222,0,0,1,0,0,0,0,0,0,0,0,0,0,0,0,0,0,0,0,0,0,0,0,0,0,0,0,0,0,0,1,0,0,0,0,0,0,1,0,0,0,0,0,0
07-Dec-2011 18:15:00,07-Dec-2011 18:15:59,useToilet,0.7604166666666666,0,0,0,1,0,0,0,0,0,0,1,0,0,0,0,0,0,0,0,0,0,0,0,0,0,0,0,0,0,0,1,0,0,0,0,0,0,1,0,0,0,0,0,0
07-Dec-2011 19:21:00,07-Dec-2011 19:21:59,watchTV,0.80625,0,0,0,0,0,0,0,0,0,0,1,0,0,0,0,0,0,0,0,0,0,0,0,0,0,0,0,0,0,0,0,1,0,0,0,0,0,1,1,1,1,0,0,0
07-Dec-2011 19:22:00,07-Dec-2011 19:22:59,idle,0.8069444444444445,0,0,0,0,0,0,0,0,0,0,0,0,0,0,0,0,0,0,0,0,0,0,0,0,0,0,0,0,0,0,0,1,0,0,0,0,0,1,0,0,0,0,0,0
07-Dec-2011 19:23:00,07-Dec-2011 19:23:59,getSnack,0.8076388888888889,0,0,0,0,0,1,0,0,0,0,0,1,0,0,0,0,0,0,0,0,0,0,0,0,0,0,0,0,0,0,0,1,0,0,0,0,0,1,0,0,0,0,0,0
07-Dec-2011 19:24:00,07-Dec-2011 19:24:59,getSnack,0.8083333333333333,0,0,0,0,0,1,1,0,0,0,0,0,0,0,0,0,0,0,0,0,0,0,0,0,0,0,0,0,0,0,0,1,0,0,0,0,0,1,0,0,0,0,0,0
07-Dec-2011 19:27:00,07-Dec-2011 19:27:59,getSnack,0.8104166666666667,0,0,0,0,0,0,0,0,0,0,0,0,0,0,0,0,0,0,0,0,0,0,0,0,0,0,0,0,0,0,0,1,0,0,0,0,0,1,0,0,0,0,0,0
07-Dec-2011 19:28:00,07-Dec-2011 19:28:59,getSnack,0.8111111111111111,0,0,0,0,0,1,0,0,0,0,0,0,0,0,0,0,0,0,0,0,0,0,0,0,0,0,0,0,0,0,0,1,0,0,0,0,0,1,0,0,0,0,0,0
07-Dec-2011 20:36:00,07-Dec-2011 20:36:59,idle,0.8583333333333333,0,0,0,0,0,0,0,0,0,0,0,0,0,0,0,0,0,0,0,0,0,0,0,0,0,0,0,0,0,0,0,0,0,1,0,0,0,1,1,1,1,0,0,0
07-Dec-2011 20:37:00,07-Dec-2011 20:37:59,getSnack,0.8590277777777777,0,0,0,0,0,0,1,0,0,0,0,0,0,0,0,0,0,0,0,0,0,0,0,0,0,0,0,0,0,0,0,0,0,1,0,0,0,1,0,0,0,0,0,0
07-Dec-2011 20:38:00,07-Dec-2011 20:38:59,getSnack,0.8597222222222223,0,0,0,0,0,1,0,0,0,0,0,0,0,0,0,0,0,0,0,0,0,0,0,0,0,0,0,0,0,0,0,0,0,1,0,0,0,1,0,0,0,0,0,0
07-Dec-2011 20:39:00,07-Dec-2011 20:39:59,useToilet,0.8604166666666667,0,0,0,1,0,0,0,0,0,0,0,0,0,0,0,0,0,0,0,0,0,0,0,0,0,0,0,0,0,0,0,0,0,1,0,0,0,1,0,0,0,0,0,0
07-Dec-2011 20:42:00,07-Dec-2011 20:42:59,watchTV,0.8625,0,0,0,0,0,0,0,0,0,0,1,0,0,0,0,0,0,0,0,0,0,0,0,0,0,0,0,0,0,0,0,0,0,1,0,0,0,1,0,0,0,0,0,0
07-Dec-2011 20:46:00,07-Dec-2011 20:46:59,idle,0.8652777777777778,0,0,0,0,0,0,0,0,0,0,0,0,0,0,0,0,0,0,0,0,0,0,0,0,0,0,0,0,0,0,0,0,0,1,0,0,0,1,0,0,0,0,0,0
07-Dec-2011 20:47:00,07-Dec-2011 20:47:59,idle,0.8659722222222223,0,0,0,0,0,0,0,0,0,0,0,1,0,0,0,0,0,0,0,0,0,0,0,0,0,0,0,0,0,0,0,0,0,1,0,0,0,1,0,0,0,0,0,0
07-Dec-2011 20:51:00,07-Dec-2011 20:51:59,idle,0.86875,0,0,0,0,0,0,0,0,0,0,0,0,0,0,0,0,0,0,0,0,0,0,0,0,0,0,0,0,0,0,0,0,0,1,0,0,0,1,0,0,0,0,0,0
07-Dec-2011 23:18:00,07-Dec-2011 23:18:59,watchTV,0.9708333333333332,0,0,0,0,0,0,0,0,0,0,1,0,0,0,0,0,0,0,0,0,0,0,0,0,0,0,0,0,0,0,0,0,0,0,0,1,0,1,1,1,1,1,0,0
07-Dec-2011 23:19:00,07-Dec-2011 23:19:59,useToilet,0.9715277777777778,0,0,1,0,0,0,0,0,0,0,1,0,0,0,0,0,0,0,0,0,0,0,0,0,0,0,0,0,0,0,0,0,0,0,0,1,0,1,0,0,0,0,0,0
08-Dec-2011 01:32:00,08-Dec-2011 01:32:59,watchTV,0.06388888888888887,0,0,0,0,0,0,0,0,0,0,1,0,0,0,1,0,0,0,0,0,0,0,0,0,0,0,0,0,0,0,0,0,0,0,0,0,0,1,1,1,1,1,0,0
08-Dec-2011 01:38:00,08-Dec-2011 01:38:59,idle,0.06805555555555555,0,0,0,0,0,0,0,0,0,0,0,0,0,0,1,0,0,0,0,0,0,0,0,0,0,0,0,0,0,0,0,0,0,0,0,0,0,1,1,0,0,0,0,0
08-Dec-2011 11:14:00,08-Dec-2011 11:14:59,goToBed,0.4680555555555556,1,0,0,0,0,0,0,0,0,0,0,0,0,0,0,0,0,0,0,0,0,0,0,1,0,0,0,0,0,0,0,0,0,0,0,0,0,1,1,1,1,1,1,0
08-Dec-2011 11:16:00,08-Dec-2011 11:16:59,idle,0.4694444444444445,0,0,0,0,0,0,0,0,0,0,0,0,0,0,0,0,0,0,0,0,0,0,0,1,0,0,0,0,0,0,0,0,0,0,0,0,0,1,0,0,0,0,0,0
08-Dec-2011 11:17:00,08-Dec-2011 11:17:59,useToilet,0.4701388888888889,0,0,1,1,0,0,0,0,0,0,0,0,0,0,0,0,0,0,0,0,0,0,0,1,0,0,0,0,0,0,0,0,0,0,0,0,0,1,0,0,0,0,0,0
08-Dec-2011 11:18:00,08-Dec-2011 11:18:59,grooming,0.4708333333333333,0,1,1,1,0,0,0,0,0,0,0,0,0,0,0,0,0,0,0,0,0,0,0,1,0,0,0,0,0,0,0,0,0,0,0,0,0,1,0,0,0,0,0,0
08-Dec-2011 11:24:00,08-Dec-2011 11:24:59,takeShower,0.475,0,0,0,0,1,0,0,0,0,0,0,0,0,0,0,0,0,0,0,0,0,0,0,1,0,0,0,0,0,0,0,0,0,0,0,0,0,1,1,0,0,0,0,0
08-Dec-2011 11:25:00,08-Dec-2011 11:25:59,prepareBreakfast,0.4756944444444444,0,0,0,0,0,0,1,1,0,0,0,0,0,0,0,0,0,0,0,0,0,0,0,1,0,0,0,0,0,0,0,0,0,0,0,0,0,1,0,0,0,0,0,0
08-Dec-2011 11:26:00,08-Dec-2011 11:26:59,prepareBreakfast,0.4763888888888889,0,0,0,0,0,1,0,1,1,1,0,0,0,0,0,0,0,0,0,0,0,0,0,1,0,0,0,0,0,0,0,0,0,0,0,0,0,1,0,0,0,0,0,0
08-Dec-2011 11:28:00,08-Dec-2011 11:28:59,prepareBreakfast,0.4777777777777778,0,0,0,0,0,0,0,1,1,1,0,0,0,0,0,0,0,0,0,0,0,0,0,1,0,0,0,0,0,0,0,0,0,0,0,0,0,1,0,0,0,0,0,0
08-Dec-2011 11:35:00,08-Dec-2011 11:35:59,idle,0.4826388888888889,0,0,0,0,0,0,0,0,0,0,0,0,0,0,0,0,0,0,0,0,0,0,0,0,1,0,0,0,0,0,0,0,0,0,0,0,0,1,1,0,0,0,0,0
08-Dec-2011 13:41:00,08-Dec-2011 13:41:59,watchTV,0.5701388888888889,0,0,0,0,0,0,0,0,0,0,1,0,0,0,0,0,0,0,0,0,0,0,0,0,0,0,1,0,0,0,0,0,0,0,0,0,0,1,1,1,1,1,0,0
08-Dec-2011 14:03:00,08-Dec-2011 14:03:59,idle,0.5854166666666667,0,0,0,0,0,0,0,0,0,0,0,0,0,0,0,0,0,0,0,0,0,0,0,0,0,0,1,0,0,0,0,0,0,0,0,0,0,1,1,0,0,0,0,0
08-Dec-2011 14:05:00,08-Dec-2011 14:05:59,grooming,0.5868055555555556,0,0,1,0,0,0,0,0,0,0,0,0,0,0,0,0,0,0,0,0,0,0,0,0,0,0,1,0,0,0,0,0,0,0,0,0,0,1,0,0,0,0,0,0
08-Dec-2011 14:09:00,08-Dec-2011 14:09:59,idle,0.5895833333333333,0,0,0,0,0,0,0,0,0,0,0,0,0,0,0,0,0,0,0,0,0,0,0,0,0,0,1,0,0,0,0,0,0,0,0,0,0,1,0,0,0,0,0,0
08-Dec-2011 14:10:00,08-Dec-2011 14:10:59,leaveHouse,0.5902777777777778,0,0,0,0,0,0,0,0,0,0,0,1,0,0,0,0,0,0,0,0,0,0,0,0,0,0,1,0,0,0,0,0,0,0,0,0,0,1,0,0,0,0,0,0
08-Dec-2011 16:20:00,08-Dec-2011 16:20:59,leaveHouse,0.6805555555555556,0,0,0,0,0,0,0,0,0,0,0,0,0,0,0,0,0,0,0,0,0,0,0,0,0,0,0,0,1,0,0,0,0,0,0,0,0,1,1,1,1,1,0,0
08-Dec-2011 16:21:00,08-Dec-2011 16:21:59,leaveHouse,0.68125,0,0,0,0,0,0,0,0,0,0,0,1,0,0,0,0,0,0,0,0,0,0,0,0,0,0,0,0,1,0,0,0,0,0,0,0,0,1,0,0,0,0,0,0
08-Dec-2011 16:23:00,08-Dec-2011 16:23:59,idle,0.6826388888888889,0,0,0,0,0,0,0,0,0,0,0,0,0,0,0,0,0,0,0,0,0,0,0,0,0,0,0,0,1,0,0,0,0,0,0,0,0,1,0,0,0,0,0,0
08-Dec-2011 22:12:00,08-Dec-2011 22:12:59,watchTV,0.925,0,0,0,0,0,0,0,0,0,0,1,0,0,0,0,0,0,0,0,0,0,0,0,0,0,0,0,0,0,0,0,0,0,0,1,0,0,1,1,1,1,1,1,0
08-Dec-2011 22:13:00,08-Dec-2011 22:13:59,grooming,0.9256944444444444,0,0,1,0,0,0,0,0,0,0,1,0,0,0,0,0,0,0,0,0,0,0,0,0,0,0,0,0,0,0,0,0,0,0,1,0,0,1,0,0,0,0,0,0
08-Dec-2011 23:12:00,08-Dec-2011 23:12:59,watchTV,0.9666666666666668,0,0,0,0,0,0,0,0,0,0,1,0,0,0,0,0,0,0,0,0,0,0,0,0,0,0,0,0,0,0,0,0,0,0,0,1,0,1,1,1,0,0,0,0
08-Dec-2011 23:13:00,08-Dec-2011 23:13:59,idle,0.9673611111111112,0,0,0,0,0,0,0,0,0,0,0,0,0,0,0,0,0,0,0,0,0,0,0,0,0,0,0,0,0,0,0,0,0,0,0,1,0,1,0,0,0,0,0,0
08-Dec-2011 23:14:00,08-Dec-2011 23:14:59,grooming,0.9680555555555556,0,0,1,0,0,0,0,0,0,0,1,0,0,0,0,0,0,0,0,0,0,0,0,0,0,0,0,0,0,0,0,0,0,0,0,1,0,1,0,0,0,0,0,0
09-Dec-2011 01:03:00,09-Dec-2011 01:03:59,watchTV,0.04375,0,0,0,0,0,0,0,0,0,0,1,0,0,1,0,0,0,0,0,0,0,0,0,0,0,0,0,0,0,0,0,0,0,0,0,0,0,1,1,1,1,0,0,0
09-Dec-2011 01:05:00,09-Dec-2011 01:05:59,grooming,0.04513888888888889,0,0,1,0,0,0,0,0,0,0,0,0,0,1,0,0,0,0,0,0,0,0,0,0,0,0,0,0,0,0,0,0,0,0,0,0,0,1,0,0,0,0,0,0
09-Dec-2011 01:15:00,09-Dec-2011 01:15:59,idle,0.052083333333333336,0,0,0,0,0,0,0,0,0,0,0,0,0,1,0,0,0,0,0,0,0,0,0,0,0,0,0,0,0,0,0,0,0,0,0,0,0,1,1,0,0,0,0,0
09-Dec-2011 10:49:00,09-Dec-2011 10:49:59,goToBed,0.4506944444444445,1,0,0,0,0,0,0,0,0,0,0,0,0,0,0,0,0,0,0,0,0,0,0,1,0,0,0,0,0,0,0,0,0,0,0,0,0,1,1,1,1,1,1,0
09-Dec-2011 10:50:00,09-Dec-2011 10:50:59,idle,0.4513888888888889,0,0,0,0,0,0,0,0,0,0,0,0,0,0,0,0,0,0,0,0,0,0,0,1,0,0,0,0,0,0,0,0,0,0,0,0,0,1,0,0,0,0,0,0
09-Dec-2011 10:51:00,09-Dec-2011 10:51:59,useToilet,0.4520833333333333,0,0,0,1,0,0,0,0,0,0,0,0,0,0,0,0,0,0,0,0,0,0,0,1,0,0,0,0,0,0,0,0,0,0,0,0,0,1,0,0,0,0,0,0
09-Dec-2011 10:52:00,09-Dec-2011 10:52:59,grooming,0.4527777777777778,0,1,1,1,0,0,0,0,0,0,0,0,0,0,0,0,0,0,0,0,0,0,0,1,0,0,0,0,0,0,0,0,0,0,0,0,0,1,0,0,0,0,0,0
09-Dec-2011 10:53:00,09-Dec-2011 10:53:59,idle,0.4534722222222222,0,0,0,0,0,0,0,0,0,0,0,0,0,0,0,0,0,0,0,0,0,0,0,1,0,0,0,0,0,0,0,0,0,0,0,0,0,1,0,0,0,0,0,0
09-Dec-2011 10:58:00,09-Dec-2011 10:58:59,takeShower,0.4569444444444444,0,0,0,0,1,0,0,0,0,0,0,0,0,0,0,0,0,0,0,0,0,0,0,1,0,0,0,0,0,0,0,0,0,0,0,0,0,1,0,0,0,0,0,0
09-Dec-2011 10:59:00,09-Dec-2011 10:59:59,idle,0.4576388888888889,0,0,0,0,0,0,0,0,0,0,0,0,0,0,0,0,0,0,0,0,0,0,0,1,0,0,0,0,0,0,0,0,0,0,0,0,0,1,0,0,0,0,0,0
09-Dec-2011 11:00:00,09-Dec-2011 11:00:59,prepareBreakfast,0.4583333333333333,0,0,0,0,0,1,1,1,0,0,0,0,0,0,0,0,0,0,0,0,0,0,0,1,0,0,0,0,0,0,0,0,0,0,0,0,0,1,0,0,0,0,0,0
09-Dec-2011 11:01:00,09-Dec-2011 11:01:59,prepareBreakfast,0.4590277777777778,0,0,0,0,0,1,0,1,1,1,0,0,0,0,0,0,0,0,0,0,0,0,0,1,0,0,0,0,0,0,0,0,0,0,0,0,0,1,0,0,0,0,0,0
09-Dec-2011 11:02:00,09-Dec-2011 11:02:59,prepareBreakfast,0.4597222222222222,0,0,0,0,0,0,0,1,0,1,0,0,0,0,0,0,0,0,0,0,0,0,0,1,0,0,0,0,0,0,0,0,0,0,0,0,0,1,0,0,0,0,0,0
09-Dec-2011 11:03:00,09-Dec-2011 11:03:59,prepareBreakfast,0.4604166666666666,0,0,0,0,0,0,0,0,0,1,0,0,0,0,0,0,0,0,0,0,0,0,0,1,0,0,0,0,0,0,0,0,0,0,0,0,0,1,0,0,0,0,0,0
09-Dec-2011 11:08:00,09-Dec-2011 11:08:59,prepareBreakfast,0.4638888888888889,0,0,0,0,0,0,0,0,0,0,0,0,0,0,0,0,0,0,0,0,0,0,0,1,0,0,0,0,0,0,0,0,0,0,0,0,0,1,0,0,0,0,0,0
09-Dec-2011 12:32:00,09-Dec-2011 12:32:59,watchTV,0.5222222222222223,0,0,0,0,0,0,0,0,0,0,1,0,0,0,0,0,0,0,0,0,0,0,0,0,0,1,0,0,0,0,0,0,0,0,0,0,0,1,1,1,1,0,0,0
09-Dec-2011 12:42:00,09-Dec-2011 12:42:59,grooming,0.5291666666666667,0,0,1,0,0,0,0,0,0,0,0,0,0,0,0,0,0,0,0,0,0,0,0,0,0,1,0,0,0,0,0,0,0,0,0,0,0,1,1,0,0,0,0,0
09-Dec-2011 12:43:00,09-Dec-2011 12:43:59,idle,0.5298611111111111,0,0,0,0,0,0,0,0,0,0,0,0,0,0,0,0,0,0,0,0,0,0,0,0,0,1,0,0,0,0,0,0,0,0,0,0,0,1,0,0,0,0,0,0
09-Dec-2011 12:44:00,09-Dec-2011 12:44:59,leaveHouse,0.5305555555555556,0,0,0,0,0,0,0,0,0,0,0,1,0,0,0,0,0,0,0,0,0,0,0,0,0,1,0,0,0,0,0,0,0,0,0,0,0,1,0,0,0,0,0,0
09-Dec-2011 16:32:00,09-Dec-2011 16:32:59,leaveHouse,0.6888888888888889,0,0,0,0,0,0,0,0,0,0,0,0,0,0,0,0,0,0,0,0,0,0,0,0,0,0,0,0,0,1,0,0,0,0,0,0,0,1,1,1,1,1,1,0
09-Dec-2011 16:33:00,09-Dec-2011 16:33:59,leaveHouse,0.6895833333333333,0,0,0,0,0,0,0,0,0,0,0,1,0,0,0,0,0,0,0,0,0,0,0,0,0,0,0,0,0,1,0,0,0,0,0,0,0,1,0,0,0,0,0,0
09-Dec-2011 16:44:00,09-Dec-2011 16:44:59,idle,0.6972222222222222,0,0,0,0,0,0,0,0,0,0,0,0,0,0,0,0,0,0,0,0,0,0,0,0,0,0,0,0,0,1,0,0,0,0,0,0,0,1,1,0,0,0,0,0
09-Dec-2011 16:59:00,09-Dec-2011 16:59:59,watchTV,0.7076388888888889,0,0,0,0,0,0,0,0,0,0,1,0,0,0,0,0,0,0,0,0,0,0,0,0,0,0,0,0,0,1,0,0,0,0,0,0,0,1,1,0,0,0,0,0
09-Dec-2011 17:03:00,09-Dec-2011 17:03:59,useToilet,0.7104166666666667,0,0,0,0,0,0,0,0,0,0,0,0,0,0,0,0,0,0,0,0,0,0,0,0,0,0,0,0,0,1,0,0,0,0,0,0,0,1,0,0,0,0,0,0
09-Dec-2011 17:05:00,09-Dec-2011 17:05:59,idle,0.7118055555555556,0,0,0,1,0,0,0,0,0,0,0,0,0,0,0,0,0,0,0,0,0,0,0,0,0,0,0,0,0,1,0,0,0,0,0,0,0,1,0,0,0,0,0,0
09-Dec-2011 17:58:00,09-Dec-2011 17:58:59,watchTV,0.7486111111111111,0,0,0,0,0,0,0,0,0,0,1,0,0,0,0,0,0,0,0,0,0,0,0,0,0,0,0,0,0,0,1,0,0,0,0,0,0,1,1,1,0,0,0,0
09-Dec-2011 17:59:00,09-Dec-2011 17:59:59,grooming,0.7493055555555556,0,0,1,0,0,0,0,0,0,0,1,0,0,0,0,0,0,0,0,0,0,0,0,0,0,0,0,0,0,0,1,0,0,0,0,0,0,1,0,0,0,0,0,0
09-Dec-2011 18:01:00,09-Dec-2011 18:01:59,idle,0.7506944444444444,0,0,0,0,0,0,0,0,0,0,0,0,0,0,0,0,0,0,0,0,0,0,0,0,0,0,0,0,0,0,1,0,0,0,0,0,0,1,0,0,0,0,0,0
09-Dec-2011 18:19:00,09-Dec-2011 18:19:59,watchTV,0.7631944444444444,0,0,0,0,0,0,0,0,0,0,1,0,0,0,0,0,0,0,0,0,0,0,0,0,0,0,0,0,0,0,1,0,0,0,0,0,0,1,1,0,0,0,0,0
09-Dec-2011 18:31:00,09-Dec-2011 18:31:59,idle,0.7715277777777778,0,0,0,0,0,0,0,0,0,0,0,0,0,0,0,0,0,0,0,0,0,0,0,0,0,0,0,0,0,0,0,1,0,0,0,0,0,1,1,0,0,0,0,0
09-Dec-2011 18:32:00,09-Dec-2011 18:32:59,leaveHouse,0.7722222222222223,0,0,0,0,0,0,0,0,0,0,0,1,0,0,0,0,0,0,0,0,0,0,0,0,0,0,0,0,0,0,0,1,0,0,0,0,0,1,0,0,0,0,0,0
09-Dec-2011 18:47:00,09-Dec-2011 18:47:59,leaveHouse,0.7826388888888889,0,0,0,0,0,0,0,0,0,0,0,0,0,0,0,0,0,0,0,0,0,0,0,0,0,0,0,0,0,0,0,1,0,0,0,0,0,1,1,0,0,0,0,0
09-Dec-2011 18:48:00,09-Dec-2011 18:48:59,leaveHouse,0.7833333333333333,0,0,0,0,0,0,0,0,0,0,0,1,0,0,0,0,0,0,0,0,0,0,0,0,0,0,0,0,0,0,0,1,0,0,0,0,0,1,0,0,0,0,0,0
09-Dec-2011 18:49:00,09-Dec-2011 18:49:59,idle,0.7840277777777778,0,0,0,0,0,0,0,0,0,0,0,0,0,0,0,0,0,0,0,0,0,0,0,0,0,0,0,0,0,0,0,1,0,0,0,0,0,1,0,0,0,0,0,0
09-Dec-2011 18:50:00,09-Dec-2011 18:50:59,idle,0.7847222222222222,0,0,0,0,0,1,0,0,0,0,0,0,0,0,0,0,0,0,0,0,0,0,0,0,0,0,0,0,0,0,0,1,0,0,0,0,0,1,0,0,0,0,0,0
09-Dec-2011 19:18:00,09-Dec-2011 19:18:59,idle,0.8041666666666667,0,0,0,0,0,0,0,0,0,0,0,0,0,0,0,0,0,0,0,0,0,0,0,0,0,0,0,0,0,0,0,1,0,0,0,0,0,1,1,0,0,0,0,0
09-Dec-2011 21:03:00,09-Dec-2011 21:03:59,watchTV,0.8770833333333333,0,0,0,0,0,0,0,0,0,0,1,0,0,0,0,0,0,0,0,0,0,0,0,0,0,0,0,0,0,0,0,0,0,1,0,0,0,1,1,1,1,0,0,0
09-Dec-2011 21:04:00,09-Dec-2011 21:04:59,grooming,0.8777777777777778,0,0,1,0,0,0,0,0,0,0,1,0,0,0,0,0,0,0,0,0,0,0,0,0,0,0,0,0,0,0,0,0,0,1,0,0,0,1,0,0,0,0,0,0
10-Dec-2011 00:15:00,10-Dec-2011 00:15:59,watchTV,0.010416666666666666,0,0,0,0,0,0,0,0,0,0,1,0,1,0,0,0,0,0,0,0,0,0,0,0,0,0,0,0,0,0,0,0,0,0,0,0,0,1,1,1,1,1,1,0
10-Dec-2011 00:16:00,10-Dec-2011 00:16:59,grooming,0.011111111111111113,0,0,1,0,0,0,0,0,0,0,1,0,1,0,0,0,0,0,0,0,0,0,0,0,0,0,0,0,0,0,0,0,0,0,0,0,0,1,0,0,0,0,0,0
10-Dec-2011 00:46:00,10-Dec-2011 00:46:59,watchTV,0.031944444444444435,0,0,0,0,0,0,0,0,0,0,1,0,0,1,0,0,0,0,0,0,0,0,0,0,0,0,0,0,0,0,0,0,0,0,0,0,0,1,1,0,0,0,0,0
10-Dec-2011 00:49:00,10-Dec-2011 00:49:59,idle,0.034027777777777775,0,0,0,0,0,0,0,0,0,0,0,0,0,1,0,0,0,0,0,0,0,0,0,0,0,0,0,0,0,0,0,0,0,0,0,0,0,1,0,0,0,0,0,0
10-Dec-2011 09:26:00,10-Dec-2011 09:26:59,goToBed,0.3930555555555556,1,0,0,0,0,0,0,0,0,0,0,0,0,0,0,0,0,0,0,0,0,1,0,0,0,0,0,0,0,0,0,0,0,0,0,0,0,1,1,1,1,1,1,0
10-Dec-2011 09:34:00,10-Dec-2011 09:34:59,useToilet,0.3986111111111112,0,0,0,0,0,0,0,0,0,0,0,0,0,0,0,0,0,0,0,0,0,0,1,0,0,0,0,0,0,0,0,0,0,0,0,0,0,1,1,0,0,0,0,0
10-Dec-2011 09:36:00,10-Dec-2011 09:36:59,idle,0.4,0,0,0,1,0,0,0,0,0,0,0,0,0,0,0,0,0,0,0,0,0,0,1,0,0,0,0,0,0,0,0,0,0,0,0,0,0,1,0,0,0,0,0,0
10-Dec-2011 09:37:00,10-Dec-2011 09:37:59,grooming,0.4006944444444445,0,1,1,0,0,0,0,0,0,0,0,0,0,0,0,0,0,0,0,0,0,0,1,0,0,0,0,0,0,0,0,0,0,0,0,0,0,1,0,0,0,0,0,0
10-Dec-2011 09:45:00,10-Dec-2011 09:45:59,grooming,0.40625,0,0,1,0,0,0,0,0,0,0,0,0,0,0,0,0,0,0,0,0,0,0,1,0,0,0,0,0,0,0,0,0,0,0,0,0,0,1,1,0,0,0,0,0
10-Dec-2011 09:46:00,10-Dec-2011 09:46:59,grooming,0.4069444444444445,0,1,1,0,0,0,0,0,0,0,0,0,0,0,0,0,0,0,0,0,0,0,1,0,0,0,0,0,0,0,0,0,0,0,0,0,0,1,0,0,0,0,0,0
10-Dec-2011 09:52:00,10-Dec-2011 09:52:59,takeShower,0.4111111111111111,0,0,0,0,1,0,0,0,0,0,0,0,0,0,0,0,0,0,0,0,0,0,1,0,0,0,0,0,0,0,0,0,0,0,0,0,0,1,1,0,0,0,0,0
10-Dec-2011 09:54:00,10-Dec-2011 09:54:59,idle,0.4125,0,0,0,0,0,0,0,0,0,0,0,0,0,0,0,0,0,0,0,0,0,0,1,0,0,0,0,0,0,0,0,0,0,0,0,0,0,1,0,0,0,0,0,0
10-Dec-2011 09:55:00,10-Dec-2011 09:55:59,prepareBreakfast,0.4131944444444444,0,0,0,0,0,0,1,1,0,0,0,0,0,0,0,0,0,0,0,0,0,0,1,0,0,0,0,0,0,0,0,0,0,0,0,0,0,1,0,0,0,0,0,0
10-Dec-2011 09:56:00,10-Dec-2011 09:56:59,prepareBreakfast,0.4138888888888889,0,0,0,0,0,1,1,1,0,1,0,0,0,0,0,0,0,0,0,0,0,0,1,0,0,0,0,0,0,0,0,0,0,0,0,0,0,1,0,0,0,0,0,0
10-Dec-2011 09:57:00,10-Dec-2011 09:57:59,prepareBreakfast,0.41458333333333336,0,0,0,0,0,0,0,1,0,1,0,0,0,0,0,0,0,0,0,0,0,0,1,0,0,0,0,0,0,0,0,0,0,0,0,0,0,1,0,0,0,0,0,0
10-Dec-2011 09:58:00,10-Dec-2011 09:58:59,prepareBreakfast,0.4152777777777778,0,0,0,0,0,0,0,1,1,1,0,0,0,0,0,0,0,0,0,0,0,0,1,0,0,0,0,0,0,0,0,0,0,0,0,0,0,1,0,0,0,0,0,0
10-Dec-2011 09:59:00,10-Dec-2011 09:59:59,prepareBreakfast,0.41597222222222224,0,0,0,0,0,0,0,1,0,0,0,0,0,0,0,0,0,0,0,0,0,0,1,0,0,0,0,0,0,0,0,0,0,0,0,0,0,1,0,0,0,0,0,0
10-Dec-2011 10:02:00,10-Dec-2011 10:02:59,prepareBreakfast,0.4180555555555556,0,0,0,0,0,0,0,0,0,0,0,0,0,0,0,0,0,0,0,0,0,0,1,0,0,0,0,0,0,0,0,0,0,0,0,0,0,1,0,0,0,0,0,0
10-Dec-2011 12:34:00,10-Dec-2011 12:34:59,watchTV,0.5236111111111111,0,0,0,0,0,0,0,0,0,0,1,0,0,0,0,0,0,0,0,0,0,0,0,0,0,1,0,0,0,0,0,0,0,0,0,0,0,1,1,1,1,1,1,0
10-Dec-2011 12:51:00,10-Dec-2011 12:51:59,idle,0.5354166666666667,0,0,0,0,0,0,0,0,0,0,0,0,0,0,0,0,0,0,0,0,0,0,0,0,0,1,0,0,0,0,0,0,0,0,0,0,0,1,1,0,0,0,0,0
10-Dec-2011 12:53:00,10-Dec-2011 12:53:59,grooming,0.5368055555555555,0,0,1,0,0,0,0,0,0,0,0,0,0,0,0,0,0,0,0,0,0,0,0,0,0,1,0,0,0,0,0,0,0,0,0,0,0,1,0,0,0,0,0,0
10-Dec-2011 13:03:00,10-Dec-2011 13:03:59,idle,0.54375,0,0,0,0,0,0,0,0,0,0,0,0,0,0,0,0,0,0,0,0,0,0,0,0,0,1,0,0,0,0,0,0,0,0,0,0,0,1,1,0,0,0,0,0
10-Dec-2011 13:04:00,10-Dec-2011 13:04:59,leaveHouse,0.5444444444444444,0,0,0,0,0,0,0,0,0,0,0,1,0,0,0,0,0,0,0,0,0,0,0,0,0,1,0,0,0,0,0,0,0,0,0,0,0,1,0,0,0,0,0,0
10-Dec-2011 17:05:00,10-Dec-2011 17:05:59,leaveHouse,0.7118055555555556,0,0,0,0,0,0,0,0,0,0,0,0,0,0,0,0,0,0,0,0,0,0,0,0,0,0,0,0,0,1,0,0,0,0,0,0,0,1,1,1,1,1,1,0
10-Dec-2011 17:07:00,10-Dec-2011 17:07:59,leaveHouse,0.7131944444444445,0,0,0,0,0,0,0,0,0,0,0,1,0,0,0,0,0,0,0,0,0,0,0,0,0,0,0,0,0,1,0,0,0,0,0,0,0,1,0,0,0,0,0,0
10-Dec-2011 17:10:00,10-Dec-2011 17:10:59,idle,0.7152777777777778,0,0,0,0,0,0,0,0,0,0,0,0,0,0,0,0,0,0,0,0,0,0,0,0,0,0,0,0,0,1,0,0,0,0,0,0,0,1,0,0,0,0,0,0
10-Dec-2011 20:16:00,10-Dec-2011 20:16:59,watchTV,0.8444444444444444,0,0,0,0,0,0,0,0,0,0,1,0,0,0,0,0,0,0,0,0,0,0,0,0,0,0,0,0,0,0,0,0,1,0,0,0,0,1,1,1,1,1,1,0
10-Dec-2011 20:20:00,10-Dec-2011 20:20:59,idle,0.8472222222222222,0,0,0,0,0,0,0,0,0,0,0,0,0,0,0,0,0,0,0,0,0,0,0,0,0,0,0,0,0,0,0,0,1,0,0,0,0,1,0,0,0,0,0,0
10-Dec-2011 20:23:00,10-Dec-2011 20:23:59,grooming,0.8493055555555555,0,0,1,0,0,0,0,0,0,0,0,0,0,0,0,0,0,0,0,0,0,0,0,0,0,0,0,0,0,0,0,0,1,0,0,0,0,1,0,0,0,0,0,0
10-Dec-2011 20:24:00,10-Dec-2011 20:24:59,idle,0.85,0,0,0,0,0,0,0,0,0,0,0,0,0,0,0,0,0,0,0,0,0,0,0,0,0,0,0,0,0,0,0,0,1,0,0,0,0,1,0,0,0,0,0,0
10-Dec-2011 20:25:00,10-Dec-2011 20:25:59,leaveHouse,0.8506944444444444,0,0,0,0,0,0,0,0,0,0,0,1,0,0,0,0,0,0,0,0,0,0,0,0,0,0,0,0,0,0,0,0,1,0,0,0,0,1,0,0,0,0,0,0
11-Dec-2011 00:55:00,11-Dec-2011 00:55:59,leaveHouse,0.03819444444444445,0,0,0,0,0,0,0,0,0,0,0,0,0,1,0,0,0,0,0,0,0,0,0,0,0,0,0,0,0,0,0,0,0,0,0,0,0,1,1,1,1,1,1,0
11-Dec-2011 00:56:00,11-Dec-2011 00:56:59,leaveHouse,0.03888888888888889,0,0,0,0,0,0,0,0,0,0,0,1,0,1,0,0,0,0,0,0,0,0,0,0,0,0,0,0,0,0,0,0,0,0,0,0,0,1,0,0,0,0,0,0
11-Dec-2011 01:00:00,11-Dec-2011 01:00:59,idle,0.04166666666666666,0,0,0,0,0,0,0,0,0,0,0,0,0,1,0,0,0,0,0,0,0,0,0,0,0,0,0,0,0,0,0,0,0,0,0,0,0,1,0,0,0,0,0,0
11-Dec-2011 02:26:00,11-Dec-2011 02:26:59,watchTV,0.10138888888888888,0,0,0,0,0,0,0,0,0,0,1,0,0,0,1,0,0,0,0,0,0,0,0,0,0,0,0,0,0,0,0,0,0,0,0,0,0,1,1,1,1,0,0,0
11-Dec-2011 02:28:00,11-Dec-2011 02:28:59,grooming,0.10277777777777776,0,0,1,0,0,0,0,0,0,0,0,0,0,0,1,0,0,0,0,0,0,0,0,0,0,0,0,0,0,0,0,0,0,0,0,0,0,1,0,0,0,0,0,0
11-Dec-2011 02:30:00,11-Dec-2011 02:30:59,idle,0.10416666666666667,0,0,0,0,0,0,0,0,0,0,0,0,0,0,1,0,0,0,0,0,0,0,0,0,0,0,0,0,0,0,0,0,0,0,0,0,0,1,0,0,0,0,0,0
11-Dec-2011 11:57:00,11-Dec-2011 11:57:59,goToBed,0.4979166666666667,1,0,0,0,0,0,0,0,0,0,0,0,0,0,0,0,0,0,0,0,0,0,0,0,1,0,0,0,0,0,0,0,0,0,0,0,0,1,1,1,1,1,1,0
11-Dec-2011 12:00:00,11-Dec-2011 12:00:59,useToilet,0.5,0,0,0,0,0,0,0,0,0,0,0,0,0,0,0,0,0,0,0,0,0,0,0,0,1,0,0,0,0,0,0,0,0,0,0,0,0,1,0,0,0,0,0,0
11-Dec-2011 12:01:00,11-Dec-2011 12:01:59,useToilet,0.5006944444444444,0,0,0,1,0,0,0,0,0,0,0,0,0,0,0,0,0,0,0,0,0,0,0,0,1,0,0,0,0,0,0,0,0,0,0,0,0,1,0,0,0,0,0,0
11-Dec-2011 12:02:00,11-Dec-2011 12:02:59,grooming,0.5013888888888889,0,0,1,0,1,0,0,0,0,0,0,0,0,0,0,0,0,0,0,0,0,0,0,0,1,0,0,0,0,0,0,0,0,0,0,0,0,1,0,0,0,0,0,0
11-Dec-2011 12:18:00,11-Dec-2011 12:18:59,takeShower,0.5125,0,0,0,0,1,0,0,0,0,0,0,0,0,0,0,0,0,0,0,0,0,0,0,0,1,0,0,0,0,0,0,0,0,0,0,0,0,1,1,0,0,0,0,0
11-Dec-2011 12:20:00,11-Dec-2011 12:20:59,idle,0.5138888888888888,0,0,0,0,0,0,0,0,0,0,0,0,0,0,0,0,0,0,0,0,0,0,0,0,1,0,0,0,0,0,0,0,0,0,0,0,0,1,0,0,0,0,0,0
11-Dec-2011 12:21:00,11-Dec-2011 12:21:59,prepareBreakfast,0.5145833333333333,0,0,0,0,0,0,0,1,0,0,0,0,0,0,0,0,0,0,0,0,0,0,0,0,1,0,0,0,0,0,0,0,0,0,0,0,0,1,0,0,0,0,0,0
11-Dec-2011 12:22:00,11-Dec-2011 12:22:59,prepareBreakfast,0.5152777777777777,0,0,0,0,0,1,1,1,0,0,0,0,0,0,0,0,0,0,0,0,0,0,0,0,1,0,0,0,0,0,0,0,0,0,0,0,0,1,0,0,0,0,0,0
11-Dec-2011 12:23:00,11-Dec-2011 12:23:59,prepareBreakfast,0.5159722222222223,0,0,0,0,0,1,0,1,0,1,0,0,0,0,0,0,0,0,0,0,0,0,0,0,1,0,0,0,0,0,0,0,0,0,0,0,0,1,0,0,0,0,0,0
11-Dec-2011 12:25:00,11-Dec-2011 12:25:59,prepareBreakfast,0.5173611111111112,0,0,0,0,0,0,0,1,0,1,0,0,0,0,0,0,0,0,0,0,0,0,0,0,1,0,0,0,0,0,0,0,0,0,0,0,0,1,0,0,0,0,0,0
11-Dec-2011 12:31:00,11-Dec-2011 12:31:59,idle,0.5215277777777778,0,0,0,0,0,0,0,0,0,0,0,0,0,0,0,0,0,0,0,0,0,0,0,0,0,1,0,0,0,0,0,0,0,0,0,0,0,1,1,0,0,0,0,0
11-Dec-2011 14:26:00,11-Dec-2011 14:26:59,watchTV,0.6013888888888889,0,0,0,0,0,0,0,0,0,0,1,0,0,0,0,0,0,0,0,0,0,0,0,0,0,0,1,0,0,0,0,0,0,0,0,0,0,1,1,1,1,0,0,0
11-Dec-2011 14:33:00,11-Dec-2011 14:33:59,idle,0.60625,0,0,0,0,0,0,0,0,0,0,0,0,0,0,0,0,0,0,0,0,0,0,0,0,0,0,0,1,0,0,0,0,0,0,0,0,0,1,1,0,0,0,0,0
11-Dec-2011 14:34:00,11-Dec-2011 14:34:59,prepareLunch,0.6069444444444444,0,0,0,0,0,0,1,0,0,0,0,0,0,0,0,0,0,0,0,0,0,0,0,0,0,0,0,1,0,0,0,0,0,0,0,0,0,1,0,0,0,0,0,0
11-Dec-2011 14:35:00,11-Dec-2011 14:35:59,prepareLunch,0.6076388888888888,0,0,0,0,0,0,0,0,0,0,0,0,0,0,0,0,0,0,0,0,0,0,0,0,0,0,0,1,0,0,0,0,0,0,0,0,0,1,0,0,0,0,0,0
11-Dec-2011 14:36:00,11-Dec-2011 14:36:59,prepareLunch,0.6083333333333333,0,0,0,0,0,0,0,0,1,0,0,0,0,0,0,0,0,0,0,0,0,0,0,0,0,0,0,1,0,0,0,0,0,0,0,0,0,1,0,0,0,0,0,0
11-Dec-2011 14:37:00,11-Dec-2011 14:37:59,prepareLunch,0.6090277777777777,0,0,0,0,0,0,1,0,1,0,0,0,0,0,0,0,0,0,0,0,0,0,0,0,0,0,0,1,0,0,0,0,0,0,0,0,0,1,0,0,0,0,0,0
11-Dec-2011 14:42:00,11-Dec-2011 14:42:59,prepareLunch,0.6125,0,0,0,0,0,0,0,0,1,0,0,0,0,0,0,0,0,0,0,0,0,0,0,0,0,0,0,1,0,0,0,0,0,0,0,0,0,1,0,0,0,0,0,0
11-Dec-2011 14:44:00,11-Dec-2011 14:44:59,prepareLunch,0.6138888888888889,0,0,0,0,0,0,1,0,1,0,0,0,0,0,0,0,0,0,0,0,0,0,0,0,0,0,0,1,0,0,0,0,0,0,0,0,0,1,0,0,0,0,0,0
11-Dec-2011 14:48:00,11-Dec-2011 14:48:59,prepareLunch,0.6166666666666667,0,0,0,0,0,0,0,0,1,0,0,0,0,0,0,0,0,0,0,0,0,0,0,0,0,0,0,1,0,0,0,0,0,0,0,0,0,1,0,0,0,0,0,0
11-Dec-2011 14:50:00,11-Dec-2011 14:50:59,prepareLunch,0.6180555555555556,0,0,0,0,0,0,1,0,1,0,0,0,0,0,0,0,0,0,0,0,0,0,0,0,0,0,0,1,0,0,0,0,0,0,0,0,0,1,0,0,0,0,0,0
11-Dec-2011 15:00:00,11-Dec-2011 15:00:59,prepareLunch,0.625,0,0,0,0,0,0,0,0,1,0,0,0,0,0,0,0,0,0,0,0,0,0,0,0,0,0,0,1,0,0,0,0,0,0,0,0,0,1,1,0,0,0,0,0
11-Dec-2011 15:12:00,11-Dec-2011 15:12:59,prepareLunch,0.6333333333333333,0,0,0,0,0,0,0,0,0,0,0,0,0,0,0,0,0,0,0,0,0,0,0,0,0,0,0,1,0,0,0,0,0,0,0,0,0,1,1,0,0,0,0,0
11-Dec-2011 15:13:00,11-Dec-2011 15:13:59,prepareLunch,0.6340277777777777,0,0,0,0,0,1,0,0,0,0,0,0,0,0,0,0,0,0,0,0,0,0,0,0,0,0,0,1,0,0,0,0,0,0,0,0,0,1,0,0,0,0,0,0
11-Dec-2011 15:28:00,11-Dec-2011 15:28:59,useToilet,0.6444444444444445,0,0,0,0,0,0,0,0,0,0,0,0,0,0,0,0,0,0,0,0,0,0,0,0,0,0,0,1,0,0,0,0,0,0,0,0,0,1,1,0,0,0,0,0
11-Dec-2011 15:30:00,11-Dec-2011 15:30:59,useToilet,0.6458333333333334,0,0,0,1,0,0,0,0,0,0,0,0,0,0,0,0,0,0,0,0,0,0,0,0,0,0,0,0,1,0,0,0,0,0,0,0,0,1,0,0,0,0,0,0
11-Dec-2011 15:40:00,11-Dec-2011 15:40:59,idle,0.6527777777777778,0,0,0,0,0,0,0,0,0,0,0,0,0,0,0,0,0,0,0,0,0,0,0,0,0,0,0,0,1,0,0,0,0,0,0,0,0,1,1,0,0,0,0,0
11-Dec-2011 15:42:00,11-Dec-2011 15:42:59,grooming,0.6541666666666667,0,0,1,0,0,0,0,0,0,0,0,0,0,0,0,0,0,0,0,0,0,0,0,0,0,0,0,0,1,0,0,0,0,0,0,0,0,1,0,0,0,0,0,0
11-Dec-2011 15:43:00,11-Dec-2011 15:43:59,grooming,0.6548611111111111,0,0,1,0,0,0,0,0,0,0,1,0,0,0,0,0,0,0,0,0,0,0,0,0,0,0,0,0,1,0,0,0,0,0,0,0,0,1,0,0,0,0,0,0
11-Dec-2011 21:41:00,11-Dec-2011 21:41:59,watchTV,0.9034722222222222,0,0,0,0,0,0,0,0,0,0,1,0,0,0,0,0,0,0,0,0,0,0,0,0,0,0,0,0,0,0,0,0,0,0,1,0,0,1,1,1,1,1,1,0
